"set_id","shark_trophic_group","shark_trophic_numeric","sum_shark_trophic","set_composition"
"19366","lower order",1,1,"lower"
"36210","lower order",1,1,"lower"
"36263","lower order",1,1,"lower"
"36362","lower order",1,1,"lower"
"36363","lower order",1,1,"lower"
"36364","lower order",1,1,"lower"
"33238","lower order",1,1,"lower"
"33239","lower order",1,1,"lower"
"15953","lower order",1,1,"lower"
"19368","lower order",1,1,"lower"
"19369","lower order",1,1,"lower"
"19370","lower order",1,1,"lower"
"19371","lower order",1,1,"lower"
"19372","lower order",1,1,"lower"
"19373","lower order",1,1,"lower"
"19374","lower order",1,1,"lower"
"2149","lower order",1,1,"lower"
"2164","lower order",1,1,"lower"
"2172","lower order",1,1,"lower"
"16552","lower order",1,1,"lower"
"16330","lower order",1,1,"lower"
"15944","lower order",1,1,"lower"
"15955","lower order",1,1,"lower"
"15949","lower order",1,1,"lower"
"16327","lower order",1,1,"lower"
"16328","lower order",1,1,"lower"
"16335","lower order",1,1,"lower"
"27315","lower order",1,1,"lower"
"19133","lower order",1,1,"lower"
"19158","lower order",1,1,"lower"
"15776","lower order",1,1,"lower"
"15939","lower order",1,1,"lower"
"15954","lower order",1,1,"lower"
"2185","lower order",1,1,"lower"
"16553","lower order",1,1,"lower"
"15942","lower order",1,1,"lower"
"19171","lower order",1,1,"lower"
"1609","lower order",1,1,"lower"
"1639","lower order",1,1,"lower"
"1666","lower order",1,3,"apex"
"1666","apex",2,3,"apex"
"1671","lower order",1,1,"lower"
"1661","lower order",1,1,"lower"
"19375","lower order",1,1,"lower"
"2216","lower order",1,1,"lower"
"2219","lower order",1,1,"lower"
"2227","lower order",1,1,"lower"
"2236","lower order",1,1,"lower"
"2251","lower order",1,1,"lower"
"2255","lower order",1,1,"lower"
"2257","lower order",1,1,"lower"
"2264","lower order",1,1,"lower"
"2281","lower order",1,1,"lower"
"2296","lower order",1,1,"lower"
"2298","lower order",1,1,"lower"
"2315","lower order",1,1,"lower"
"4121","lower order",1,1,"lower"
"4104","lower order",1,1,"lower"
"36171","lower order",1,1,"lower"
"2454","lower order",1,1,"lower"
"19380","lower order",1,1,"lower"
"2579","lower order",1,1,"lower"
"36375","lower order",1,1,"lower"
"36394","lower order",1,1,"lower"
"19381","lower order",1,1,"lower"
"19382","lower order",1,1,"lower"
"19383","lower order",1,1,"lower"
"19398","lower order",1,1,"lower"
"19401","lower order",1,1,"lower"
"19404","lower order",1,1,"lower"
"2763","lower order",1,1,"lower"
"19407","lower order",1,1,"lower"
"19408","lower order",1,1,"lower"
"19409","lower order",1,1,"lower"
"19410","lower order",1,1,"lower"
"19399","lower order",1,1,"lower"
"19400","lower order",1,1,"lower"
"2784","lower order",1,3,"apex"
"2784","apex",2,3,"apex"
"19405","lower order",1,1,"lower"
"19406","lower order",1,1,"lower"
"2788","lower order",1,1,"lower"
"2792","apex",2,2,"apex"
"2820","apex",2,2,"apex"
"2828","lower order",1,1,"lower"
"2829","apex",2,2,"apex"
"2834","lower order",1,1,"lower"
"2872","lower order",1,1,"lower"
"2878","lower order",1,1,"lower"
"2879","lower order",1,1,"lower"
"8886","lower order",1,1,"lower"
"19412","lower order",1,1,"lower"
"2887","lower order",1,1,"lower"
"23961","lower order",1,1,"lower"
"23965","lower order",1,1,"lower"
"36409","apex",2,2,"apex"
"23975","apex",2,2,"apex"
"23977","lower order",1,1,"lower"
"23983","lower order",1,1,"lower"
"36416","apex",2,2,"apex"
"15156","lower order",1,1,"lower"
"3229","lower order",1,3,"apex"
"3229","apex",2,3,"apex"
"36391","lower order",1,1,"lower"
"36398","lower order",1,1,"lower"
"36116","lower order",1,1,"lower"
"36117","lower order",1,1,"lower"
"36119","lower order",1,1,"lower"
"36123","lower order",1,1,"lower"
"36121","lower order",1,1,"lower"
"36120","lower order",1,1,"lower"
"36122","lower order",1,1,"lower"
"36127","lower order",1,1,"lower"
"36129","lower order",1,1,"lower"
"36128","lower order",1,1,"lower"
"36130","lower order",1,1,"lower"
"36173","lower order",1,1,"lower"
"36176","lower order",1,1,"lower"
"36182","lower order",1,1,"lower"
"36181","lower order",1,1,"lower"
"36177","lower order",1,1,"lower"
"3395","lower order",1,1,"lower"
"3399","lower order",1,1,"lower"
"3401","lower order",1,1,"lower"
"36184","lower order",1,1,"lower"
"36183","lower order",1,1,"lower"
"36179","lower order",1,1,"lower"
"3413","lower order",1,1,"lower"
"36180","lower order",1,1,"lower"
"36178","lower order",1,1,"lower"
"36187","lower order",1,1,"lower"
"36194","lower order",1,1,"lower"
"36192","lower order",1,1,"lower"
"36193","lower order",1,1,"lower"
"36197","lower order",1,1,"lower"
"36201","lower order",1,1,"lower"
"36200","lower order",1,1,"lower"
"36202","lower order",1,1,"lower"
"3388","lower order",1,1,"lower"
"36204","lower order",1,1,"lower"
"36205","lower order",1,1,"lower"
"36209","lower order",1,1,"lower"
"36208","lower order",1,1,"lower"
"36206","lower order",1,1,"lower"
"3414","lower order",1,1,"lower"
"3416","lower order",1,1,"lower"
"3420","lower order",1,1,"lower"
"3429","lower order",1,1,"lower"
"36396","lower order",1,1,"lower"
"36389","lower order",1,1,"lower"
"36191","lower order",1,1,"lower"
"36124","lower order",1,1,"lower"
"36125","lower order",1,1,"lower"
"36100","lower order",1,1,"lower"
"36174","lower order",1,1,"lower"
"36188","lower order",1,1,"lower"
"36232","lower order",1,1,"lower"
"36211","lower order",1,1,"lower"
"36213","lower order",1,1,"lower"
"36215","lower order",1,1,"lower"
"36218","lower order",1,1,"lower"
"36219","lower order",1,1,"lower"
"36220","lower order",1,1,"lower"
"36221","lower order",1,1,"lower"
"36222","lower order",1,1,"lower"
"36223","lower order",1,1,"lower"
"36224","lower order",1,1,"lower"
"36225","lower order",1,1,"lower"
"36237","lower order",1,1,"lower"
"36238","lower order",1,1,"lower"
"36239","lower order",1,1,"lower"
"36240","lower order",1,1,"lower"
"36241","lower order",1,1,"lower"
"36242","lower order",1,1,"lower"
"36243","lower order",1,1,"lower"
"36244","lower order",1,1,"lower"
"36245","lower order",1,1,"lower"
"36246","lower order",1,1,"lower"
"36247","lower order",1,1,"lower"
"36248","lower order",1,1,"lower"
"36249","lower order",1,1,"lower"
"36251","lower order",1,1,"lower"
"36252","lower order",1,1,"lower"
"36437","lower order",1,1,"lower"
"36432","lower order",1,1,"lower"
"36431","lower order",1,1,"lower"
"36430","lower order",1,1,"lower"
"36428","lower order",1,1,"lower"
"36442","lower order",1,1,"lower"
"36441","lower order",1,1,"lower"
"36434","lower order",1,1,"lower"
"36433","lower order",1,1,"lower"
"36445","lower order",1,1,"lower"
"36444","lower order",1,1,"lower"
"36463","lower order",1,1,"lower"
"25786","lower order",1,1,"lower"
"25785","lower order",1,1,"lower"
"25780","lower order",1,1,"lower"
"36515","lower order",1,1,"lower"
"36458","lower order",1,1,"lower"
"36451","lower order",1,1,"lower"
"3957","lower order",1,1,"lower"
"36494","lower order",1,1,"lower"
"3975","lower order",1,1,"lower"
"25735","lower order",1,1,"lower"
"4045","lower order",1,1,"lower"
"4129","lower order",1,1,"lower"
"4131","lower order",1,1,"lower"
"4134","lower order",1,1,"lower"
"4138","lower order",1,1,"lower"
"4200","lower order",1,1,"lower"
"4202","lower order",1,1,"lower"
"4203","lower order",1,1,"lower"
"4212","lower order",1,1,"lower"
"16334","lower order",1,1,"lower"
"3402","lower order",1,1,"lower"
"3403","lower order",1,1,"lower"
"3418","lower order",1,1,"lower"
"3432","lower order",1,1,"lower"
"15767","lower order",1,1,"lower"
"16331","lower order",1,1,"lower"
"25760","lower order",1,1,"lower"
"25754","lower order",1,1,"lower"
"25753","lower order",1,1,"lower"
"25729","lower order",1,1,"lower"
"25728","lower order",1,1,"lower"
"25800","lower order",1,1,"lower"
"14354","lower order",1,1,"lower"
"2661","apex",2,2,"apex"
"9146","lower order",1,1,"lower"
"9147","lower order",1,1,"lower"
"9148","lower order",1,1,"lower"
"9149","lower order",1,1,"lower"
"24021","lower order",1,1,"lower"
"2664","lower order",1,1,"lower"
"9157","lower order",1,1,"lower"
"9186","lower order",1,1,"lower"
"2677","lower order",1,1,"lower"
"9203","lower order",1,1,"lower"
"9227","lower order",1,1,"lower"
"9241","lower order",1,1,"lower"
"9250","lower order",1,1,"lower"
"9265","lower order",1,1,"lower"
"9267","lower order",1,1,"lower"
"9269","lower order",1,1,"lower"
"9272","lower order",1,1,"lower"
"9278","lower order",1,1,"lower"
"9281","lower order",1,1,"lower"
"2683","apex",2,2,"apex"
"9319","lower order",1,1,"lower"
"9333","lower order",1,1,"lower"
"9339","lower order",1,1,"lower"
"2698","lower order",1,3,"apex"
"2698","apex",2,3,"apex"
"24026","lower order",1,1,"lower"
"7507","lower order",1,1,"lower"
"7533","lower order",1,1,"lower"
"8751","lower order",1,1,"lower"
"8752","lower order",1,1,"lower"
"5956","lower order",1,1,"lower"
"5958","lower order",1,1,"lower"
"5960","lower order",1,1,"lower"
"5961","lower order",1,1,"lower"
"5962","lower order",1,1,"lower"
"5964","lower order",1,1,"lower"
"5966","lower order",1,1,"lower"
"5967","lower order",1,1,"lower"
"5971","lower order",1,1,"lower"
"5974","lower order",1,1,"lower"
"6016","lower order",1,1,"lower"
"6019","lower order",1,1,"lower"
"9402","lower order",1,1,"lower"
"9407","lower order",1,1,"lower"
"9413","lower order",1,1,"lower"
"9417","lower order",1,1,"lower"
"9429","lower order",1,1,"lower"
"8919","lower order",1,1,"lower"
"8921","lower order",1,1,"lower"
"8923","lower order",1,1,"lower"
"8924","lower order",1,1,"lower"
"8925","lower order",1,1,"lower"
"8926","lower order",1,1,"lower"
"32369","lower order",1,1,"lower"
"32370","lower order",1,1,"lower"
"4877","lower order",1,1,"lower"
"9204","lower order",1,1,"lower"
"9132","lower order",1,1,"lower"
"32374","lower order",1,1,"lower"
"4873","lower order",1,1,"lower"
"4875","lower order",1,1,"lower"
"9189","lower order",1,1,"lower"
"9190","lower order",1,1,"lower"
"9205","lower order",1,1,"lower"
"9214","lower order",1,1,"lower"
"9225","lower order",1,1,"lower"
"9226","lower order",1,1,"lower"
"9234","lower order",1,1,"lower"
"9236","lower order",1,1,"lower"
"9239","lower order",1,1,"lower"
"9245","lower order",1,1,"lower"
"9247","lower order",1,1,"lower"
"9266","lower order",1,1,"lower"
"9271","lower order",1,1,"lower"
"9273","lower order",1,1,"lower"
"9274","lower order",1,1,"lower"
"9283","lower order",1,1,"lower"
"9341","lower order",1,1,"lower"
"36849","lower order",1,1,"lower"
"36851","lower order",1,1,"lower"
"36852","lower order",1,1,"lower"
"36855","lower order",1,1,"lower"
"36856","lower order",1,1,"lower"
"36857","lower order",1,1,"lower"
"36858","lower order",1,1,"lower"
"36859","lower order",1,1,"lower"
"36860","lower order",1,1,"lower"
"36861","lower order",1,1,"lower"
"36863","lower order",1,1,"lower"
"36865","lower order",1,1,"lower"
"36866","lower order",1,1,"lower"
"36868","lower order",1,1,"lower"
"36869","lower order",1,1,"lower"
"36870","lower order",1,1,"lower"
"36872","lower order",1,1,"lower"
"36871","lower order",1,1,"lower"
"36899","lower order",1,1,"lower"
"36887","lower order",1,1,"lower"
"36889","lower order",1,1,"lower"
"36900","lower order",1,1,"lower"
"36890","lower order",1,1,"lower"
"36898","lower order",1,1,"lower"
"6417","lower order",1,1,"lower"
"7005","lower order",1,1,"lower"
"37015","lower order",1,1,"lower"
"37016","lower order",1,1,"lower"
"37017","lower order",1,1,"lower"
"37018","lower order",1,1,"lower"
"37019","lower order",1,1,"lower"
"37020","lower order",1,1,"lower"
"37021","lower order",1,1,"lower"
"37022","lower order",1,1,"lower"
"37023","lower order",1,1,"lower"
"37024","lower order",1,1,"lower"
"37027","lower order",1,1,"lower"
"37029","lower order",1,1,"lower"
"37030","lower order",1,1,"lower"
"37032","lower order",1,1,"lower"
"37034","lower order",1,1,"lower"
"37036","lower order",1,1,"lower"
"37038","lower order",1,1,"lower"
"37039","lower order",1,1,"lower"
"37046","lower order",1,1,"lower"
"37048","lower order",1,1,"lower"
"37050","lower order",1,1,"lower"
"37051","lower order",1,1,"lower"
"37052","lower order",1,1,"lower"
"37053","lower order",1,1,"lower"
"37054","lower order",1,1,"lower"
"37055","lower order",1,1,"lower"
"37056","lower order",1,1,"lower"
"37059","lower order",1,1,"lower"
"37061","lower order",1,1,"lower"
"37062","lower order",1,1,"lower"
"37063","lower order",1,1,"lower"
"34186","lower order",1,1,"lower"
"19384","lower order",1,1,"lower"
"17181","lower order",1,1,"lower"
"17202","lower order",1,1,"lower"
"4265","lower order",1,1,"lower"
"37082","lower order",1,1,"lower"
"31651","lower order",1,1,"lower"
"37087","lower order",1,1,"lower"
"37088","lower order",1,1,"lower"
"37089","lower order",1,1,"lower"
"37090","lower order",1,1,"lower"
"37091","lower order",1,1,"lower"
"37093","lower order",1,1,"lower"
"34193","lower order",1,1,"lower"
"19402","lower order",1,1,"lower"
"17182","lower order",1,1,"lower"
"17207","lower order",1,1,"lower"
"37109","lower order",1,1,"lower"
"37094","lower order",1,1,"lower"
"37096","lower order",1,1,"lower"
"37097","lower order",1,1,"lower"
"37102","lower order",1,1,"lower"
"37110","lower order",1,1,"lower"
"19411","lower order",1,1,"lower"
"17183","lower order",1,1,"lower"
"17208","lower order",1,1,"lower"
"19385","lower order",1,1,"lower"
"15737","lower order",1,1,"lower"
"36874","lower order",1,1,"lower"
"19376","lower order",1,1,"lower"
"17192","lower order",1,1,"lower"
"17221","lower order",1,1,"lower"
"19390","lower order",1,1,"lower"
"32377","lower order",1,1,"lower"
"8742","lower order",1,1,"lower"
"5963","lower order",1,1,"lower"
"5968","lower order",1,1,"lower"
"5959","lower order",1,1,"lower"
"5965","lower order",1,1,"lower"
"5972","lower order",1,1,"lower"
"5973","lower order",1,1,"lower"
"5999","lower order",1,1,"lower"
"6010","lower order",1,1,"lower"
"6040","lower order",1,1,"lower"
"6041","lower order",1,1,"lower"
"6045","lower order",1,1,"lower"
"6046","lower order",1,1,"lower"
"6047","lower order",1,1,"lower"
"6048","lower order",1,1,"lower"
"6049","lower order",1,1,"lower"
"6050","lower order",1,1,"lower"
"6052","lower order",1,1,"lower"
"6053","lower order",1,1,"lower"
"6056","lower order",1,1,"lower"
"6035","lower order",1,1,"lower"
"6036","lower order",1,1,"lower"
"6037","lower order",1,1,"lower"
"6038","lower order",1,1,"lower"
"9385","lower order",1,1,"lower"
"9394","lower order",1,1,"lower"
"9397","lower order",1,1,"lower"
"9404","lower order",1,1,"lower"
"9406","lower order",1,1,"lower"
"9409","lower order",1,1,"lower"
"9411","lower order",1,1,"lower"
"9422","lower order",1,1,"lower"
"9426","lower order",1,1,"lower"
"9427","lower order",1,1,"lower"
"8920","lower order",1,1,"lower"
"8927","lower order",1,1,"lower"
"32378","lower order",1,1,"lower"
"24057","lower order",1,1,"lower"
"32379","lower order",1,1,"lower"
"32380","lower order",1,1,"lower"
"10207","lower order",1,1,"lower"
"18055","lower order",1,1,"lower"
"18056","lower order",1,1,"lower"
"24067","lower order",1,1,"lower"
"18109","lower order",1,1,"lower"
"18111","lower order",1,1,"lower"
"19820","lower order",1,1,"lower"
"15476","lower order",1,1,"lower"
"15771","lower order",1,1,"lower"
"19173","lower order",1,1,"lower"
"16576","lower order",1,1,"lower"
"19165","lower order",1,1,"lower"
"15868","lower order",1,1,"lower"
"16568","lower order",1,1,"lower"
"32387","lower order",1,1,"lower"
"32388","lower order",1,1,"lower"
"24076","lower order",1,1,"lower"
"15508","lower order",1,1,"lower"
"19139","lower order",1,1,"lower"
"19145","lower order",1,1,"lower"
"15934","lower order",1,1,"lower"
"15792","lower order",1,1,"lower"
"19147","lower order",1,1,"lower"
"19149","lower order",1,1,"lower"
"19153","lower order",1,1,"lower"
"19154","lower order",1,1,"lower"
"15783","lower order",1,1,"lower"
"15844","lower order",1,1,"lower"
"15902","lower order",1,1,"lower"
"19129","lower order",1,1,"lower"
"19135","lower order",1,1,"lower"
"19166","lower order",1,1,"lower"
"15864","lower order",1,1,"lower"
"19162","lower order",1,1,"lower"
"15738","lower order",1,1,"lower"
"19155","lower order",1,1,"lower"
"19169","lower order",1,1,"lower"
"15901","lower order",1,1,"lower"
"16558","lower order",1,1,"lower"
"15493","lower order",1,1,"lower"
"19138","lower order",1,1,"lower"
"19159","lower order",1,1,"lower"
"16333","lower order",1,1,"lower"
"16560","lower order",1,1,"lower"
"15707","lower order",1,1,"lower"
"15950","lower order",1,1,"lower"
"19142","lower order",1,1,"lower"
"19150","lower order",1,1,"lower"
"19174","lower order",1,1,"lower"
"16332","lower order",1,1,"lower"
"15937","lower order",1,1,"lower"
"19143","lower order",1,1,"lower"
"19161","lower order",1,1,"lower"
"19167","lower order",1,1,"lower"
"15951","lower order",1,1,"lower"
"19152","lower order",1,1,"lower"
"15936","lower order",1,1,"lower"
"15940","lower order",1,1,"lower"
"16561","lower order",1,1,"lower"
"15938","lower order",1,1,"lower"
"19157","lower order",1,1,"lower"
"19175","lower order",1,1,"lower"
"15854","lower order",1,1,"lower"
"15691","lower order",1,1,"lower"
"15933","lower order",1,1,"lower"
"19126","lower order",1,1,"lower"
"19134","lower order",1,1,"lower"
"19156","lower order",1,1,"lower"
"19160","lower order",1,1,"lower"
"15935","lower order",1,1,"lower"
"15881","lower order",1,1,"lower"
"16329","lower order",1,1,"lower"
"19128","lower order",1,1,"lower"
"32390","lower order",1,1,"lower"
"19140","lower order",1,1,"lower"
"34247","lower order",1,1,"lower"
"34253","apex",2,2,"apex"
"33446","lower order",1,1,"lower"
"19141","lower order",1,1,"lower"
"32391","lower order",1,1,"lower"
"19146","lower order",1,1,"lower"
"34261","lower order",1,1,"lower"
"34287","lower order",1,1,"lower"
"19148","lower order",1,1,"lower"
"24097","apex",2,2,"apex"
"19151","lower order",1,1,"lower"
"19163","lower order",1,1,"lower"
"16348","apex",2,2,"apex"
"16424","lower order",1,1,"lower"
"16438","lower order",1,1,"lower"
"16441","lower order",1,1,"lower"
"16443","lower order",1,1,"lower"
"16444","lower order",1,1,"lower"
"16445","lower order",1,1,"lower"
"16451","lower order",1,1,"lower"
"19164","lower order",1,1,"lower"
"19170","lower order",1,1,"lower"
"35009","lower order",1,1,"lower"
"35011","lower order",1,1,"lower"
"35014","lower order",1,1,"lower"
"35015","lower order",1,1,"lower"
"35017","lower order",1,1,"lower"
"35018","lower order",1,1,"lower"
"35024","lower order",1,1,"lower"
"35026","lower order",1,1,"lower"
"35027","lower order",1,1,"lower"
"35031","lower order",1,1,"lower"
"35033","lower order",1,1,"lower"
"35034","lower order",1,1,"lower"
"35035","lower order",1,1,"lower"
"35037","lower order",1,1,"lower"
"35038","lower order",1,1,"lower"
"35039","lower order",1,1,"lower"
"35042","lower order",1,1,"lower"
"35043","lower order",1,1,"lower"
"35045","lower order",1,1,"lower"
"35052","lower order",1,1,"lower"
"35056","lower order",1,1,"lower"
"35057","lower order",1,1,"lower"
"35059","lower order",1,1,"lower"
"35063","lower order",1,1,"lower"
"19172","lower order",1,1,"lower"
"35069","lower order",1,1,"lower"
"35070","lower order",1,1,"lower"
"35071","lower order",1,1,"lower"
"35072","lower order",1,1,"lower"
"35073","lower order",1,1,"lower"
"32394","lower order",1,1,"lower"
"16867","lower order",1,1,"lower"
"28130","lower order",1,1,"lower"
"16946","lower order",1,1,"lower"
"16947","lower order",1,1,"lower"
"16948","lower order",1,1,"lower"
"16960","lower order",1,1,"lower"
"16963","lower order",1,1,"lower"
"17005","lower order",1,1,"lower"
"16970","lower order",1,1,"lower"
"17010","lower order",1,1,"lower"
"3390","lower order",1,1,"lower"
"3391","lower order",1,1,"lower"
"3397","lower order",1,1,"lower"
"3415","lower order",1,1,"lower"
"32396","lower order",1,1,"lower"
"35074","lower order",1,1,"lower"
"17223","lower order",1,1,"lower"
"35075","lower order",1,1,"lower"
"28291","lower order",1,1,"lower"
"28295","lower order",1,1,"lower"
"28303","lower order",1,1,"lower"
"17225","lower order",1,1,"lower"
"17226","lower order",1,1,"lower"
"17227","lower order",1,1,"lower"
"17230","lower order",1,1,"lower"
"28339","lower order",1,1,"lower"
"18460","lower order",1,1,"lower"
"32397","lower order",1,1,"lower"
"32398","lower order",1,1,"lower"
"32401","lower order",1,1,"lower"
"18640","apex",2,2,"apex"
"32402","lower order",1,1,"lower"
"32403","lower order",1,1,"lower"
"28152","lower order",1,1,"lower"
"3400","lower order",1,1,"lower"
"24233","lower order",1,1,"lower"
"32405","lower order",1,1,"lower"
"32406","lower order",1,1,"lower"
"18936","apex",2,2,"apex"
"32407","lower order",1,1,"lower"
"32408","lower order",1,1,"lower"
"32410","lower order",1,1,"lower"
"32411","lower order",1,1,"lower"
"32412","lower order",1,1,"lower"
"32420","lower order",1,1,"lower"
"32442","lower order",1,1,"lower"
"32448","lower order",1,1,"lower"
"35084","lower order",1,1,"lower"
"35086","lower order",1,1,"lower"
"35066","lower order",1,1,"lower"
"19090","lower order",1,1,"lower"
"19116","lower order",1,1,"lower"
"19117","lower order",1,1,"lower"
"19118","lower order",1,1,"lower"
"19120","lower order",1,1,"lower"
"19121","lower order",1,1,"lower"
"19122","lower order",1,1,"lower"
"19123","lower order",1,1,"lower"
"19124","lower order",1,1,"lower"
"19125","lower order",1,1,"lower"
"35100","lower order",1,1,"lower"
"35101","lower order",1,1,"lower"
"35105","lower order",1,1,"lower"
"35106","lower order",1,1,"lower"
"35113","lower order",1,1,"lower"
"35112","lower order",1,1,"lower"
"19729","apex",2,2,"apex"
"19730","apex",2,2,"apex"
"17009","lower order",1,1,"lower"
"35128","apex",2,2,"apex"
"20505","lower order",1,1,"lower"
"35148","lower order",1,1,"lower"
"35154","lower order",1,1,"lower"
"24480","lower order",1,1,"lower"
"32453","lower order",1,1,"lower"
"35232","lower order",1,1,"lower"
"35233","lower order",1,1,"lower"
"35237","lower order",1,1,"lower"
"35239","lower order",1,1,"lower"
"35240","lower order",1,1,"lower"
"35245","lower order",1,1,"lower"
"35251","lower order",1,1,"lower"
"35254","lower order",1,1,"lower"
"35255","lower order",1,1,"lower"
"35258","lower order",1,1,"lower"
"35260","lower order",1,1,"lower"
"28388","lower order",1,1,"lower"
"28391","lower order",1,1,"lower"
"28396","lower order",1,1,"lower"
"28405","lower order",1,1,"lower"
"28412","lower order",1,1,"lower"
"28426","lower order",1,1,"lower"
"28427","lower order",1,1,"lower"
"28428","lower order",1,1,"lower"
"28429","lower order",1,1,"lower"
"24655","lower order",1,1,"lower"
"35261","lower order",1,1,"lower"
"28442","lower order",1,1,"lower"
"28443","lower order",1,1,"lower"
"28444","lower order",1,1,"lower"
"28445","lower order",1,1,"lower"
"28446","lower order",1,1,"lower"
"28448","lower order",1,1,"lower"
"28449","lower order",1,1,"lower"
"28451","lower order",1,1,"lower"
"28452","lower order",1,1,"lower"
"28453","lower order",1,1,"lower"
"28438","lower order",1,1,"lower"
"28439","lower order",1,1,"lower"
"28441","lower order",1,1,"lower"
"22814","lower order",1,1,"lower"
"22822","lower order",1,1,"lower"
"22825","lower order",1,1,"lower"
"22834","lower order",1,1,"lower"
"22888","lower order",1,3,"apex"
"22888","apex",2,3,"apex"
"22899","lower order",1,1,"lower"
"22900","lower order",1,1,"lower"
"22901","lower order",1,1,"lower"
"22902","lower order",1,1,"lower"
"22903","lower order",1,1,"lower"
"23008","lower order",1,1,"lower"
"23013","lower order",1,1,"lower"
"23019","lower order",1,1,"lower"
"23036","lower order",1,1,"lower"
"28454","lower order",1,1,"lower"
"23140","lower order",1,1,"lower"
"23186","lower order",1,1,"lower"
"23194","lower order",1,1,"lower"
"23196","lower order",1,1,"lower"
"23199","lower order",1,1,"lower"
"23259","lower order",1,1,"lower"
"23262","lower order",1,1,"lower"
"23265","lower order",1,1,"lower"
"23322","lower order",1,1,"lower"
"23336","lower order",1,1,"lower"
"23337","lower order",1,1,"lower"
"23338","lower order",1,1,"lower"
"23354","lower order",1,1,"lower"
"23358","lower order",1,1,"lower"
"23364","lower order",1,1,"lower"
"23377","apex",2,2,"apex"
"23390","lower order",1,1,"lower"
"23395","lower order",1,1,"lower"
"23401","lower order",1,3,"apex"
"23401","apex",2,3,"apex"
"23414","lower order",1,1,"lower"
"23415","lower order",1,1,"lower"
"23421","lower order",1,1,"lower"
"23441","lower order",1,1,"lower"
"23461","lower order",1,1,"lower"
"23469","lower order",1,1,"lower"
"23500","lower order",1,1,"lower"
"23520","lower order",1,1,"lower"
"23521","lower order",1,1,"lower"
"23526","apex",2,2,"apex"
"23536","lower order",1,1,"lower"
"23543","lower order",1,3,"apex"
"23543","apex",2,3,"apex"
"23553","lower order",1,1,"lower"
"23555","lower order",1,1,"lower"
"23559","lower order",1,1,"lower"
"23568","lower order",1,1,"lower"
"23615","apex",2,2,"apex"
"23616","lower order",1,1,"lower"
"23626","lower order",1,1,"lower"
"23654","lower order",1,1,"lower"
"23665","lower order",1,1,"lower"
"23674","lower order",1,3,"apex"
"23674","apex",2,3,"apex"
"23710","lower order",1,1,"lower"
"23719","lower order",1,1,"lower"
"23720","lower order",1,1,"lower"
"28456","lower order",1,1,"lower"
"28457","lower order",1,1,"lower"
"28458","lower order",1,1,"lower"
"28460","lower order",1,1,"lower"
"28461","lower order",1,1,"lower"
"28462","lower order",1,1,"lower"
"28463","lower order",1,1,"lower"
"28464","lower order",1,1,"lower"
"28465","lower order",1,1,"lower"
"28466","lower order",1,1,"lower"
"28467","lower order",1,1,"lower"
"28468","lower order",1,1,"lower"
"28469","lower order",1,1,"lower"
"28470","lower order",1,1,"lower"
"28472","lower order",1,1,"lower"
"28473","lower order",1,1,"lower"
"28474","lower order",1,1,"lower"
"28475","lower order",1,1,"lower"
"28476","lower order",1,1,"lower"
"28477","lower order",1,1,"lower"
"28478","lower order",1,1,"lower"
"28479","lower order",1,1,"lower"
"28480","lower order",1,1,"lower"
"28481","lower order",1,1,"lower"
"28482","lower order",1,1,"lower"
"28483","lower order",1,1,"lower"
"28484","lower order",1,1,"lower"
"28485","lower order",1,1,"lower"
"28486","lower order",1,1,"lower"
"28487","lower order",1,1,"lower"
"28488","lower order",1,1,"lower"
"28489","lower order",1,1,"lower"
"28490","lower order",1,1,"lower"
"28491","lower order",1,1,"lower"
"28492","lower order",1,1,"lower"
"28493","lower order",1,1,"lower"
"25247","lower order",1,1,"lower"
"25261","lower order",1,1,"lower"
"25262","lower order",1,1,"lower"
"25264","lower order",1,1,"lower"
"25278","lower order",1,1,"lower"
"25288","lower order",1,1,"lower"
"25289","lower order",1,1,"lower"
"28337","lower order",1,1,"lower"
"25391","lower order",1,1,"lower"
"35263","lower order",1,1,"lower"
"25462","lower order",1,1,"lower"
"25624","lower order",1,1,"lower"
"25630","lower order",1,1,"lower"
"25642","lower order",1,1,"lower"
"25736","lower order",1,1,"lower"
"25769","lower order",1,1,"lower"
"25803","lower order",1,1,"lower"
"35264","lower order",1,1,"lower"
"28564","lower order",1,1,"lower"
"28565","lower order",1,1,"lower"
"28568","lower order",1,1,"lower"
"28569","lower order",1,1,"lower"
"28570","lower order",1,1,"lower"
"28574","lower order",1,1,"lower"
"28576","lower order",1,1,"lower"
"28577","lower order",1,1,"lower"
"28578","lower order",1,1,"lower"
"28579","lower order",1,1,"lower"
"28586","lower order",1,1,"lower"
"28587","lower order",1,1,"lower"
"28588","lower order",1,1,"lower"
"28589","lower order",1,1,"lower"
"28592","lower order",1,1,"lower"
"28593","lower order",1,1,"lower"
"28594","lower order",1,1,"lower"
"28598","lower order",1,1,"lower"
"28560","lower order",1,1,"lower"
"28566","lower order",1,1,"lower"
"28580","lower order",1,1,"lower"
"28590","lower order",1,1,"lower"
"28600","lower order",1,1,"lower"
"28604","lower order",1,1,"lower"
"35265","lower order",1,1,"lower"
"28607","lower order",1,1,"lower"
"28608","lower order",1,1,"lower"
"28609","lower order",1,1,"lower"
"28610","lower order",1,1,"lower"
"28611","lower order",1,1,"lower"
"28612","lower order",1,1,"lower"
"28613","lower order",1,1,"lower"
"28614","lower order",1,1,"lower"
"28615","lower order",1,1,"lower"
"28616","lower order",1,1,"lower"
"28618","lower order",1,1,"lower"
"28619","lower order",1,1,"lower"
"28620","lower order",1,1,"lower"
"28621","lower order",1,1,"lower"
"28622","lower order",1,1,"lower"
"28623","lower order",1,1,"lower"
"29106","lower order",1,1,"lower"
"29117","lower order",1,1,"lower"
"29124","lower order",1,1,"lower"
"26608","lower order",1,1,"lower"
"26614","lower order",1,1,"lower"
"26617","lower order",1,1,"lower"
"26630","lower order",1,1,"lower"
"26635","lower order",1,1,"lower"
"26641","lower order",1,1,"lower"
"26632","lower order",1,1,"lower"
"35269","lower order",1,1,"lower"
"35270","lower order",1,1,"lower"
"35271","lower order",1,1,"lower"
"26817","lower order",1,1,"lower"
"26826","lower order",1,1,"lower"
"35272","lower order",1,1,"lower"
"35273","lower order",1,1,"lower"
"26906","lower order",1,1,"lower"
"26907","lower order",1,1,"lower"
"26912","lower order",1,1,"lower"
"26924","lower order",1,1,"lower"
"26929","lower order",1,1,"lower"
"26930","lower order",1,1,"lower"
"26931","lower order",1,1,"lower"
"26932","lower order",1,1,"lower"
"26933","lower order",1,1,"lower"
"26934","lower order",1,1,"lower"
"26935","lower order",1,1,"lower"
"26938","lower order",1,1,"lower"
"26939","lower order",1,1,"lower"
"26940","lower order",1,1,"lower"
"26941","lower order",1,1,"lower"
"26942","lower order",1,1,"lower"
"26943","lower order",1,1,"lower"
"26944","lower order",1,1,"lower"
"26945","lower order",1,1,"lower"
"26946","lower order",1,1,"lower"
"26947","lower order",1,1,"lower"
"26948","lower order",1,1,"lower"
"26949","lower order",1,1,"lower"
"26950","lower order",1,1,"lower"
"26951","lower order",1,1,"lower"
"26952","lower order",1,1,"lower"
"26953","lower order",1,1,"lower"
"35274","lower order",1,1,"lower"
"35275","lower order",1,1,"lower"
"27021","lower order",1,1,"lower"
"27047","lower order",1,1,"lower"
"27048","lower order",1,1,"lower"
"27049","lower order",1,1,"lower"
"27050","lower order",1,1,"lower"
"27052","lower order",1,1,"lower"
"27053","lower order",1,1,"lower"
"27057","lower order",1,1,"lower"
"27060","lower order",1,1,"lower"
"35276","lower order",1,1,"lower"
"8747","lower order",1,1,"lower"
"35277","lower order",1,1,"lower"
"35279","lower order",1,1,"lower"
"35280","lower order",1,1,"lower"
"35281","lower order",1,1,"lower"
"35282","lower order",1,1,"lower"
"35283","lower order",1,1,"lower"
"35284","lower order",1,1,"lower"
"35285","lower order",1,1,"lower"
"35286","lower order",1,1,"lower"
"35287","lower order",1,1,"lower"
"35288","lower order",1,1,"lower"
"35289","lower order",1,1,"lower"
"35291","lower order",1,1,"lower"
"27266","lower order",1,1,"lower"
"27267","lower order",1,1,"lower"
"27270","lower order",1,1,"lower"
"27282","lower order",1,1,"lower"
"27286","lower order",1,1,"lower"
"27290","lower order",1,1,"lower"
"27291","lower order",1,1,"lower"
"27307","lower order",1,1,"lower"
"27309","lower order",1,1,"lower"
"27311","lower order",1,1,"lower"
"27312","lower order",1,1,"lower"
"27313","lower order",1,1,"lower"
"27314","lower order",1,1,"lower"
"27316","lower order",1,1,"lower"
"27317","lower order",1,1,"lower"
"27318","lower order",1,1,"lower"
"29404","lower order",1,1,"lower"
"33418","lower order",1,1,"lower"
"35946","apex",2,2,"apex"
"35947","lower order",1,3,"apex"
"35947","apex",2,3,"apex"
"35964","lower order",1,1,"lower"
"33440","lower order",1,1,"lower"
"33445","lower order",1,1,"lower"
"27859","lower order",1,1,"lower"
"27897","lower order",1,1,"lower"
"27899","lower order",1,1,"lower"
"27905","lower order",1,1,"lower"
"27906","lower order",1,1,"lower"
"27907","lower order",1,1,"lower"
"27908","lower order",1,1,"lower"
"27909","lower order",1,1,"lower"
"27910","lower order",1,1,"lower"
"27912","lower order",1,1,"lower"
"27913","lower order",1,1,"lower"
"27927","lower order",1,1,"lower"
"27954","lower order",1,3,"apex"
"27954","apex",2,3,"apex"
"27957","lower order",1,1,"lower"
"27958","lower order",1,1,"lower"
"27959","lower order",1,1,"lower"
"27960","lower order",1,1,"lower"
"27961","lower order",1,1,"lower"
"27963","lower order",1,1,"lower"
"27964","lower order",1,1,"lower"
"27965","lower order",1,1,"lower"
"27967","lower order",1,1,"lower"
"27968","lower order",1,1,"lower"
"27970","lower order",1,1,"lower"
"27987","lower order",1,1,"lower"
"27989","lower order",1,1,"lower"
"27994","lower order",1,1,"lower"
"27995","lower order",1,1,"lower"
"27997","lower order",1,1,"lower"
"27998","lower order",1,1,"lower"
"27999","lower order",1,1,"lower"
"28001","lower order",1,1,"lower"
"28002","lower order",1,1,"lower"
"28003","lower order",1,1,"lower"
"28004","lower order",1,1,"lower"
"28005","lower order",1,1,"lower"
"28007","lower order",1,1,"lower"
"28009","lower order",1,1,"lower"
"28010","lower order",1,1,"lower"
"28011","lower order",1,1,"lower"
"28013","lower order",1,1,"lower"
"28014","lower order",1,1,"lower"
"28015","lower order",1,1,"lower"
"28016","lower order",1,1,"lower"
"28018","lower order",1,1,"lower"
"28019","lower order",1,1,"lower"
"28020","lower order",1,1,"lower"
"28021","lower order",1,1,"lower"
"28022","lower order",1,1,"lower"
"28023","lower order",1,1,"lower"
"28024","lower order",1,1,"lower"
"28025","lower order",1,1,"lower"
"28026","lower order",1,1,"lower"
"28027","lower order",1,1,"lower"
"28028","lower order",1,1,"lower"
"28031","lower order",1,1,"lower"
"28032","lower order",1,1,"lower"
"28033","lower order",1,1,"lower"
"28034","lower order",1,1,"lower"
"28035","lower order",1,1,"lower"
"28038","lower order",1,1,"lower"
"28039","lower order",1,1,"lower"
"28054","lower order",1,1,"lower"
"28056","lower order",1,1,"lower"
"28057","lower order",1,1,"lower"
"28065","lower order",1,1,"lower"
"28030","lower order",1,1,"lower"
"28070","lower order",1,1,"lower"
"28073","lower order",1,1,"lower"
"28075","lower order",1,1,"lower"
"28076","lower order",1,1,"lower"
"28078","lower order",1,1,"lower"
"28082","lower order",1,1,"lower"
"28097","lower order",1,1,"lower"
"28099","lower order",1,1,"lower"
"28100","lower order",1,1,"lower"
"28101","lower order",1,1,"lower"
"28102","lower order",1,1,"lower"
"28103","lower order",1,1,"lower"
"28104","lower order",1,1,"lower"
"28105","lower order",1,1,"lower"
"28107","lower order",1,1,"lower"
"28108","lower order",1,1,"lower"
"28106","lower order",1,1,"lower"
"28109","lower order",1,1,"lower"
"28111","lower order",1,1,"lower"
"28112","lower order",1,1,"lower"
"28113","lower order",1,1,"lower"
"28114","lower order",1,1,"lower"
"28115","lower order",1,1,"lower"
"28116","lower order",1,1,"lower"
"28117","lower order",1,1,"lower"
"28118","lower order",1,1,"lower"
"28119","lower order",1,1,"lower"
"28120","lower order",1,1,"lower"
"28123","lower order",1,1,"lower"
"28124","lower order",1,1,"lower"
"28125","lower order",1,1,"lower"
"28126","lower order",1,1,"lower"
"28127","lower order",1,1,"lower"
"28128","lower order",1,1,"lower"
"28129","lower order",1,1,"lower"
"28132","lower order",1,1,"lower"
"28133","lower order",1,1,"lower"
"28134","lower order",1,1,"lower"
"28135","lower order",1,1,"lower"
"28138","lower order",1,1,"lower"
"28139","lower order",1,1,"lower"
"28140","lower order",1,1,"lower"
"28141","lower order",1,1,"lower"
"28143","lower order",1,3,"apex"
"28143","apex",2,3,"apex"
"28144","lower order",1,1,"lower"
"28145","lower order",1,1,"lower"
"28146","lower order",1,1,"lower"
"28147","lower order",1,1,"lower"
"28148","lower order",1,1,"lower"
"28149","lower order",1,1,"lower"
"28150","lower order",1,1,"lower"
"28137","lower order",1,1,"lower"
"28142","lower order",1,1,"lower"
"28122","lower order",1,1,"lower"
"28121","lower order",1,1,"lower"
"28110","lower order",1,1,"lower"
"28153","lower order",1,1,"lower"
"28154","lower order",1,1,"lower"
"28155","lower order",1,1,"lower"
"28156","lower order",1,1,"lower"
"28157","lower order",1,1,"lower"
"28158","lower order",1,1,"lower"
"28159","lower order",1,1,"lower"
"28160","lower order",1,1,"lower"
"28161","lower order",1,1,"lower"
"28162","lower order",1,1,"lower"
"28163","lower order",1,1,"lower"
"28164","lower order",1,1,"lower"
"28165","lower order",1,1,"lower"
"28166","lower order",1,1,"lower"
"28167","lower order",1,1,"lower"
"28168","lower order",1,1,"lower"
"28169","lower order",1,1,"lower"
"28170","lower order",1,1,"lower"
"28172","lower order",1,1,"lower"
"28173","lower order",1,1,"lower"
"28174","lower order",1,1,"lower"
"28175","lower order",1,1,"lower"
"28176","lower order",1,1,"lower"
"28177","lower order",1,1,"lower"
"28178","lower order",1,1,"lower"
"28179","lower order",1,1,"lower"
"28182","lower order",1,1,"lower"
"28183","lower order",1,1,"lower"
"28184","lower order",1,1,"lower"
"28185","lower order",1,1,"lower"
"28186","lower order",1,1,"lower"
"28187","lower order",1,1,"lower"
"28188","lower order",1,1,"lower"
"28189","lower order",1,1,"lower"
"28190","lower order",1,1,"lower"
"28192","lower order",1,1,"lower"
"28193","lower order",1,1,"lower"
"28194","lower order",1,1,"lower"
"28180","lower order",1,1,"lower"
"28181","lower order",1,1,"lower"
"28196","lower order",1,1,"lower"
"28197","lower order",1,1,"lower"
"28198","lower order",1,1,"lower"
"28199","lower order",1,1,"lower"
"28201","lower order",1,1,"lower"
"28202","lower order",1,1,"lower"
"28203","lower order",1,1,"lower"
"28204","lower order",1,1,"lower"
"28205","lower order",1,1,"lower"
"28206","lower order",1,1,"lower"
"28207","lower order",1,1,"lower"
"28208","lower order",1,1,"lower"
"28209","lower order",1,1,"lower"
"28210","lower order",1,1,"lower"
"28211","lower order",1,1,"lower"
"28212","lower order",1,1,"lower"
"28213","lower order",1,1,"lower"
"28214","lower order",1,1,"lower"
"28215","lower order",1,1,"lower"
"28216","lower order",1,1,"lower"
"28218","lower order",1,1,"lower"
"28219","lower order",1,1,"lower"
"28220","lower order",1,1,"lower"
"28888","lower order",1,1,"lower"
"3393","lower order",1,1,"lower"
"3404","lower order",1,1,"lower"
"3405","lower order",1,1,"lower"
"3095","lower order",1,1,"lower"
"33190","lower order",1,1,"lower"
"33185","lower order",1,1,"lower"
"33178","lower order",1,1,"lower"
"30457","lower order",1,1,"lower"
"30458","lower order",1,1,"lower"
"30459","lower order",1,1,"lower"
"30460","lower order",1,1,"lower"
"30464","lower order",1,1,"lower"
"30466","lower order",1,1,"lower"
"30467","lower order",1,1,"lower"
"30468","lower order",1,1,"lower"
"30469","lower order",1,1,"lower"
"30470","lower order",1,1,"lower"
"30471","lower order",1,1,"lower"
"35306","lower order",1,1,"lower"
"35312","lower order",1,1,"lower"
"30475","lower order",1,1,"lower"
"30476","lower order",1,1,"lower"
"30478","lower order",1,1,"lower"
"30479","lower order",1,1,"lower"
"30480","lower order",1,3,"apex"
"30480","apex",2,3,"apex"
"30481","lower order",1,1,"lower"
"30482","lower order",1,1,"lower"
"30484","lower order",1,1,"lower"
"30485","lower order",1,1,"lower"
"30488","lower order",1,1,"lower"
"30496","lower order",1,1,"lower"
"30498","apex",2,2,"apex"
"30499","lower order",1,1,"lower"
"30503","lower order",1,1,"lower"
"30505","lower order",1,1,"lower"
"30510","lower order",1,1,"lower"
"30511","lower order",1,1,"lower"
"30513","lower order",1,1,"lower"
"30517","lower order",1,1,"lower"
"30518","lower order",1,1,"lower"
"30520","lower order",1,1,"lower"
"30521","apex",2,2,"apex"
"30522","lower order",1,1,"lower"
"30524","lower order",1,1,"lower"
"30529","apex",2,2,"apex"
"30533","lower order",1,1,"lower"
"30534","lower order",1,1,"lower"
"30543","lower order",1,1,"lower"
"30545","lower order",1,1,"lower"
"30547","lower order",1,1,"lower"
"30550","lower order",1,1,"lower"
"30557","apex",2,3,"apex"
"30557","lower order",1,3,"apex"
"30558","lower order",1,1,"lower"
"30559","lower order",1,1,"lower"
"30560","lower order",1,1,"lower"
"30562","lower order",1,1,"lower"
"30563","lower order",1,1,"lower"
"30566","lower order",1,1,"lower"
"30567","lower order",1,1,"lower"
"30569","lower order",1,1,"lower"
"30573","lower order",1,1,"lower"
"30578","lower order",1,1,"lower"
"30587","lower order",1,1,"lower"
"30603","lower order",1,1,"lower"
"30604","lower order",1,1,"lower"
"30717","lower order",1,1,"lower"
"30723","lower order",1,1,"lower"
"30725","lower order",1,1,"lower"
"30726","lower order",1,1,"lower"
"30729","lower order",1,1,"lower"
"30730","lower order",1,1,"lower"
"30739","lower order",1,1,"lower"
"30745","lower order",1,1,"lower"
"30758","lower order",1,1,"lower"
"30765","lower order",1,1,"lower"
"30767","lower order",1,1,"lower"
"30770","lower order",1,1,"lower"
"30771","lower order",1,1,"lower"
"30774","lower order",1,1,"lower"
"30775","lower order",1,1,"lower"
"30779","lower order",1,1,"lower"
"30780","lower order",1,1,"lower"
"30781","lower order",1,1,"lower"
"30782","lower order",1,1,"lower"
"30789","lower order",1,1,"lower"
"30790","lower order",1,1,"lower"
"30791","lower order",1,1,"lower"
"30792","lower order",1,1,"lower"
"30793","lower order",1,1,"lower"
"30795","lower order",1,1,"lower"
"30796","lower order",1,1,"lower"
"30797","lower order",1,1,"lower"
"30798","lower order",1,1,"lower"
"30799","lower order",1,1,"lower"
"30801","lower order",1,1,"lower"
"30802","lower order",1,1,"lower"
"30804","lower order",1,3,"apex"
"30804","apex",2,3,"apex"
"30808","lower order",1,1,"lower"
"30810","lower order",1,1,"lower"
"30811","lower order",1,1,"lower"
"30816","apex",2,2,"apex"
"30818","lower order",1,1,"lower"
"30820","lower order",1,1,"lower"
"30824","lower order",1,1,"lower"
"30831","lower order",1,1,"lower"
"30836","lower order",1,1,"lower"
"30837","lower order",1,1,"lower"
"30838","lower order",1,1,"lower"
"30839","lower order",1,1,"lower"
"30842","lower order",1,1,"lower"
"30846","lower order",1,1,"lower"
"30852","lower order",1,1,"lower"
"30855","lower order",1,1,"lower"
"30856","lower order",1,1,"lower"
"30860","lower order",1,1,"lower"
"30865","lower order",1,1,"lower"
"30947","lower order",1,1,"lower"
"30996","lower order",1,1,"lower"
"31038","lower order",1,1,"lower"
"10271","lower order",1,1,"lower"
"33369","lower order",1,1,"lower"
"33372","lower order",1,1,"lower"
"33374","lower order",1,1,"lower"
"33375","lower order",1,1,"lower"
"33376","lower order",1,1,"lower"
"33377","lower order",1,1,"lower"
"33378","lower order",1,1,"lower"
"33379","lower order",1,1,"lower"
"33381","lower order",1,1,"lower"
"33382","lower order",1,1,"lower"
"33383","lower order",1,1,"lower"
"33384","lower order",1,1,"lower"
"33388","lower order",1,1,"lower"
"33389","lower order",1,1,"lower"
"33390","lower order",1,1,"lower"
"33392","lower order",1,1,"lower"
"33393","lower order",1,1,"lower"
"33394","lower order",1,1,"lower"
"33396","lower order",1,1,"lower"
"33399","lower order",1,1,"lower"
"33401","lower order",1,1,"lower"
"33402","lower order",1,1,"lower"
"35347","lower order",1,1,"lower"
"35352","lower order",1,1,"lower"
"28605","lower order",1,1,"lower"
"24441","lower order",1,1,"lower"
"33411","lower order",1,1,"lower"
"31565","lower order",1,1,"lower"
"31634","lower order",1,1,"lower"
"31635","lower order",1,1,"lower"
"31636","lower order",1,1,"lower"
"31638","lower order",1,1,"lower"
"31640","lower order",1,1,"lower"
"31642","lower order",1,1,"lower"
"31643","lower order",1,1,"lower"
"31644","lower order",1,1,"lower"
"31646","lower order",1,1,"lower"
"31647","lower order",1,1,"lower"
"31648","lower order",1,1,"lower"
"31649","lower order",1,1,"lower"
"31652","lower order",1,1,"lower"
"31655","lower order",1,1,"lower"
"31656","lower order",1,1,"lower"
"31658","lower order",1,1,"lower"
"31659","lower order",1,1,"lower"
"31661","lower order",1,1,"lower"
"31662","lower order",1,1,"lower"
"31663","lower order",1,1,"lower"
"31664","lower order",1,1,"lower"
"31665","lower order",1,1,"lower"
"31669","lower order",1,1,"lower"
"31673","lower order",1,1,"lower"
"31675","lower order",1,1,"lower"
"31678","lower order",1,1,"lower"
"31691","lower order",1,1,"lower"
"31699","lower order",1,1,"lower"
"31710","lower order",1,1,"lower"
"31803","lower order",1,1,"lower"
"31780","lower order",1,1,"lower"
"31781","lower order",1,1,"lower"
"31783","lower order",1,1,"lower"
"31790","lower order",1,1,"lower"
"31791","lower order",1,1,"lower"
"31795","lower order",1,1,"lower"
"31797","lower order",1,1,"lower"
"31800","lower order",1,1,"lower"
"31802","lower order",1,1,"lower"
"31804","lower order",1,1,"lower"
"31808","lower order",1,1,"lower"
"31822","lower order",1,1,"lower"
"31827","lower order",1,1,"lower"
"31828","lower order",1,1,"lower"
"31831","lower order",1,1,"lower"
"31837","lower order",1,1,"lower"
"31840","lower order",1,1,"lower"
"31843","lower order",1,1,"lower"
"31844","lower order",1,1,"lower"
"31849","lower order",1,1,"lower"
"31857","lower order",1,1,"lower"
"31858","lower order",1,1,"lower"
"31859","lower order",1,1,"lower"
"31876","lower order",1,1,"lower"
"31878","lower order",1,1,"lower"
"31882","lower order",1,1,"lower"
"31883","lower order",1,1,"lower"
"31884","lower order",1,1,"lower"
"31886","lower order",1,1,"lower"
"31887","lower order",1,1,"lower"
"31890","lower order",1,1,"lower"
"31891","lower order",1,1,"lower"
"31895","lower order",1,1,"lower"
"31896","lower order",1,1,"lower"
"31897","lower order",1,1,"lower"
"31898","lower order",1,1,"lower"
"31900","lower order",1,1,"lower"
"31901","lower order",1,1,"lower"
"31902","lower order",1,1,"lower"
"31904","lower order",1,1,"lower"
"31907","lower order",1,1,"lower"
"31908","lower order",1,1,"lower"
"31912","lower order",1,1,"lower"
"31917","lower order",1,1,"lower"
"31919","lower order",1,1,"lower"
"31920","lower order",1,1,"lower"
"31933","lower order",1,1,"lower"
"31945","lower order",1,1,"lower"
"31948","lower order",1,1,"lower"
"31956","lower order",1,1,"lower"
"31958","lower order",1,1,"lower"
"31968","lower order",1,1,"lower"
"31979","lower order",1,1,"lower"
"31984","lower order",1,1,"lower"
"32001","lower order",1,1,"lower"
"32067","lower order",1,1,"lower"
"32074","lower order",1,1,"lower"
"32075","lower order",1,1,"lower"
"32088","lower order",1,1,"lower"
"32094","lower order",1,1,"lower"
"32095","lower order",1,1,"lower"
"32096","lower order",1,1,"lower"
"32099","lower order",1,1,"lower"
"32102","lower order",1,1,"lower"
"32151","lower order",1,1,"lower"
"32171","lower order",1,1,"lower"
"16556","lower order",1,1,"lower"
"28200","lower order",1,1,"lower"
"34018","lower order",1,1,"lower"
"34019","lower order",1,1,"lower"
"33142","lower order",1,1,"lower"
"34021","lower order",1,1,"lower"
"34022","lower order",1,1,"lower"
"34023","lower order",1,1,"lower"
"34024","lower order",1,1,"lower"
"34025","lower order",1,1,"lower"
"34026","lower order",1,1,"lower"
"34027","lower order",1,1,"lower"
"34028","lower order",1,1,"lower"
"34029","lower order",1,1,"lower"
"34030","lower order",1,1,"lower"
"34031","lower order",1,1,"lower"
"24456","lower order",1,1,"lower"
"24458","lower order",1,1,"lower"
"24483","lower order",1,1,"lower"
"24485","lower order",1,1,"lower"
"34033","lower order",1,1,"lower"
"34034","lower order",1,1,"lower"
"34035","lower order",1,1,"lower"
"34036","lower order",1,1,"lower"
"34037","lower order",1,1,"lower"
"34038","lower order",1,1,"lower"
"34039","lower order",1,1,"lower"
"34040","lower order",1,1,"lower"
"34041","lower order",1,1,"lower"
"34042","lower order",1,1,"lower"
"34043","lower order",1,1,"lower"
"34045","lower order",1,1,"lower"
"34046","lower order",1,1,"lower"
"34047","lower order",1,1,"lower"
"34048","lower order",1,1,"lower"
"34049","lower order",1,1,"lower"
"34050","lower order",1,1,"lower"
"34051","lower order",1,1,"lower"
"34052","lower order",1,1,"lower"
"34053","lower order",1,1,"lower"
"34054","lower order",1,1,"lower"
"34055","lower order",1,1,"lower"
"34056","lower order",1,1,"lower"
"34057","lower order",1,1,"lower"
"34058","lower order",1,1,"lower"
"34059","lower order",1,1,"lower"
"34061","lower order",1,1,"lower"
"34062","lower order",1,1,"lower"
"34063","lower order",1,1,"lower"
"34064","lower order",1,1,"lower"
"34065","lower order",1,1,"lower"
"34066","lower order",1,1,"lower"
"34067","lower order",1,1,"lower"
"34068","lower order",1,1,"lower"
"34069","lower order",1,1,"lower"
"35392","lower order",1,1,"lower"
"35393","lower order",1,1,"lower"
"35401","lower order",1,1,"lower"
"35403","lower order",1,1,"lower"
"35407","lower order",1,1,"lower"
"15492","lower order",1,1,"lower"
"34070","lower order",1,1,"lower"
"34071","lower order",1,1,"lower"
"34072","lower order",1,1,"lower"
"34073","lower order",1,1,"lower"
"34074","lower order",1,1,"lower"
"34075","lower order",1,1,"lower"
"34076","lower order",1,1,"lower"
"34077","lower order",1,1,"lower"
"34078","lower order",1,1,"lower"
"34080","lower order",1,1,"lower"
"34081","lower order",1,1,"lower"
"34082","lower order",1,1,"lower"
"34083","lower order",1,1,"lower"
"34084","lower order",1,1,"lower"
"34085","lower order",1,1,"lower"
"34087","lower order",1,1,"lower"
"34088","lower order",1,1,"lower"
"34089","lower order",1,1,"lower"
"34090","lower order",1,1,"lower"
"34091","lower order",1,1,"lower"
"34092","lower order",1,1,"lower"
"34093","lower order",1,1,"lower"
"34094","lower order",1,1,"lower"
"34095","lower order",1,1,"lower"
"34096","lower order",1,1,"lower"
"34097","lower order",1,1,"lower"
"34098","lower order",1,1,"lower"
"34099","lower order",1,1,"lower"
"34100","lower order",1,1,"lower"
"34101","lower order",1,1,"lower"
"34102","lower order",1,1,"lower"
"34104","lower order",1,1,"lower"
"34105","lower order",1,1,"lower"
"34106","lower order",1,1,"lower"
"34107","lower order",1,1,"lower"
"34108","lower order",1,1,"lower"
"34109","lower order",1,1,"lower"
"34110","lower order",1,1,"lower"
"34111","lower order",1,1,"lower"
"34112","lower order",1,1,"lower"
"34113","lower order",1,1,"lower"
"34115","lower order",1,1,"lower"
"17224","lower order",1,1,"lower"
"34118","lower order",1,1,"lower"
"34119","lower order",1,1,"lower"
"34831","lower order",1,1,"lower"
"34832","lower order",1,1,"lower"
"34837","lower order",1,1,"lower"
"34121","lower order",1,1,"lower"
"34123","lower order",1,1,"lower"
"34125","lower order",1,1,"lower"
"34126","lower order",1,1,"lower"
"34127","lower order",1,1,"lower"
"34129","lower order",1,1,"lower"
"34130","lower order",1,1,"lower"
"34131","lower order",1,1,"lower"
"34132","lower order",1,1,"lower"
"17228","lower order",1,1,"lower"
"34851","lower order",1,1,"lower"
"34853","lower order",1,3,"apex"
"34853","apex",2,3,"apex"
"34858","apex",2,2,"apex"
"34135","lower order",1,1,"lower"
"34136","lower order",1,1,"lower"
"34844","apex",2,2,"apex"
"34845","lower order",1,3,"apex"
"34845","apex",2,3,"apex"
"34137","lower order",1,1,"lower"
"34138","lower order",1,1,"lower"
"34139","lower order",1,1,"lower"
"34140","lower order",1,1,"lower"
"34141","lower order",1,1,"lower"
"34142","lower order",1,1,"lower"
"34143","lower order",1,1,"lower"
"34144","lower order",1,1,"lower"
"34145","lower order",1,1,"lower"
"34146","lower order",1,1,"lower"
"34147","lower order",1,1,"lower"
"34044","lower order",1,1,"lower"
"34882","lower order",1,3,"apex"
"34882","apex",2,3,"apex"
"34883","lower order",1,1,"lower"
"34863","apex",2,2,"apex"
"34867","lower order",1,1,"lower"
"34868","lower order",1,1,"lower"
"34869","lower order",1,1,"lower"
"34875","lower order",1,1,"lower"
"34148","lower order",1,1,"lower"
"34149","lower order",1,1,"lower"
"34150","lower order",1,1,"lower"
"34152","lower order",1,1,"lower"
"34154","lower order",1,1,"lower"
"34155","lower order",1,1,"lower"
"34156","lower order",1,1,"lower"
"34655","lower order",1,1,"lower"
"34157","lower order",1,1,"lower"
"34158","lower order",1,1,"lower"
"34159","lower order",1,1,"lower"
"34160","lower order",1,1,"lower"
"34161","lower order",1,1,"lower"
"34163","lower order",1,1,"lower"
"34164","lower order",1,1,"lower"
"34166","lower order",1,1,"lower"
"34169","lower order",1,1,"lower"
"34170","lower order",1,1,"lower"
"28131","lower order",1,1,"lower"
"34886","apex",2,2,"apex"
"34887","lower order",1,1,"lower"
"34890","apex",2,2,"apex"
"34171","lower order",1,1,"lower"
"34172","lower order",1,1,"lower"
"34173","lower order",1,1,"lower"
"34174","lower order",1,1,"lower"
"34175","lower order",1,1,"lower"
"34176","lower order",1,1,"lower"
"34177","lower order",1,1,"lower"
"34178","lower order",1,1,"lower"
"34686","lower order",1,1,"lower"
"34688","lower order",1,1,"lower"
"35426","lower order",1,1,"lower"
"35427","lower order",1,1,"lower"
"24494","lower order",1,1,"lower"
"34184","lower order",1,1,"lower"
"34181","lower order",1,1,"lower"
"34183","lower order",1,1,"lower"
"34185","lower order",1,1,"lower"
"15958","lower order",1,1,"lower"
"24493","lower order",1,1,"lower"
"19127","lower order",1,1,"lower"
"34195","lower order",1,1,"lower"
"34196","lower order",1,1,"lower"
"34197","lower order",1,1,"lower"
"34198","lower order",1,1,"lower"
"34199","lower order",1,1,"lower"
"34188","lower order",1,1,"lower"
"34189","lower order",1,1,"lower"
"17222","lower order",1,1,"lower"
"34191","lower order",1,1,"lower"
"34192","lower order",1,1,"lower"
"34194","lower order",1,1,"lower"
"34190","lower order",1,1,"lower"
"34762","lower order",1,1,"lower"
"34786","lower order",1,1,"lower"
"19130","lower order",1,1,"lower"
"34201","lower order",1,1,"lower"
"34202","lower order",1,1,"lower"
"34203","lower order",1,1,"lower"
"34204","lower order",1,1,"lower"
"34205","lower order",1,1,"lower"
"34206","lower order",1,1,"lower"
"34207","lower order",1,1,"lower"
"35428","lower order",1,1,"lower"
"34209","lower order",1,1,"lower"
"34210","lower order",1,1,"lower"
"34208","lower order",1,1,"lower"
"28437","lower order",1,1,"lower"
"34215","lower order",1,1,"lower"
"34216","lower order",1,1,"lower"
"34211","lower order",1,1,"lower"
"34212","lower order",1,1,"lower"
"34213","lower order",1,1,"lower"
"34214","lower order",1,1,"lower"
"24524","lower order",1,1,"lower"
"19131","lower order",1,1,"lower"
"28440","lower order",1,1,"lower"
"34885","apex",2,2,"apex"
"34217","lower order",1,1,"lower"
"34218","lower order",1,1,"lower"
"34219","lower order",1,1,"lower"
"34220","lower order",1,1,"lower"
"34221","lower order",1,1,"lower"
"34222","lower order",1,1,"lower"
"34223","lower order",1,1,"lower"
"34224","lower order",1,1,"lower"
"34238","lower order",1,1,"lower"
"16565","lower order",1,1,"lower"
"15985","lower order",1,1,"lower"
"34225","lower order",1,1,"lower"
"15580","lower order",1,1,"lower"
"34227","lower order",1,1,"lower"
"34236","lower order",1,1,"lower"
"34232","lower order",1,1,"lower"
"19136","lower order",1,1,"lower"
"19144","lower order",1,1,"lower"
"34237","lower order",1,1,"lower"
"34233","lower order",1,1,"lower"
"35429","lower order",1,1,"lower"
"35432","lower order",1,1,"lower"
"35446","lower order",1,1,"lower"
"35453","lower order",1,1,"lower"
"35459","lower order",1,1,"lower"
"35493","lower order",1,1,"lower"
"35496","lower order",1,1,"lower"
"35497","lower order",1,1,"lower"
"35500","lower order",1,1,"lower"
"35503","lower order",1,1,"lower"
"35515","lower order",1,1,"lower"
"35525","lower order",1,1,"lower"
"35527","lower order",1,1,"lower"
"35528","lower order",1,1,"lower"
"35529","lower order",1,1,"lower"
"35534","lower order",1,1,"lower"
"35536","lower order",1,1,"lower"
"35537","lower order",1,1,"lower"
"35538","lower order",1,1,"lower"
"35539","lower order",1,1,"lower"
"35545","lower order",1,1,"lower"
"35548","lower order",1,1,"lower"
"35549","lower order",1,1,"lower"
"35550","lower order",1,1,"lower"
"35569","lower order",1,1,"lower"
"35578","lower order",1,1,"lower"
"35580","lower order",1,1,"lower"
"35582","lower order",1,1,"lower"
"35583","lower order",1,1,"lower"
"35586","lower order",1,1,"lower"
"35587","lower order",1,1,"lower"
"35588","lower order",1,1,"lower"
"35589","lower order",1,1,"lower"
"35590","lower order",1,1,"lower"
"35595","lower order",1,1,"lower"
"35596","lower order",1,1,"lower"
"35598","lower order",1,1,"lower"
"35599","lower order",1,1,"lower"
"35600","lower order",1,1,"lower"
"35610","lower order",1,1,"lower"
"35611","lower order",1,1,"lower"
"35603","lower order",1,1,"lower"
"35607","lower order",1,1,"lower"
"35873","lower order",1,1,"lower"
"35874","lower order",1,1,"lower"
"35875","lower order",1,1,"lower"
"35876","lower order",1,1,"lower"
"35877","lower order",1,1,"lower"
"35878","lower order",1,1,"lower"
"35879","lower order",1,1,"lower"
"35880","lower order",1,1,"lower"
"35881","lower order",1,1,"lower"
"35882","lower order",1,1,"lower"
"35883","lower order",1,1,"lower"
"35938","lower order",1,1,"lower"
"35930","lower order",1,1,"lower"
"35931","lower order",1,1,"lower"
"35932","lower order",1,1,"lower"
"35933","lower order",1,1,"lower"
"35934","lower order",1,1,"lower"
"35939","lower order",1,1,"lower"
"35940","lower order",1,1,"lower"
"35941","lower order",1,1,"lower"
"35943","lower order",1,1,"lower"
"35942","lower order",1,1,"lower"
"35936","lower order",1,1,"lower"
"35937","lower order",1,1,"lower"
"19132","lower order",1,1,"lower"
"19137","lower order",1,1,"lower"
"19168","lower order",1,1,"lower"
"34240","lower order",1,1,"lower"
"16428","lower order",1,1,"lower"
"34180","lower order",1,1,"lower"
"34182","lower order",1,1,"lower"
"34841","lower order",1,1,"lower"
"34829","lower order",1,1,"lower"
"34834","apex",2,2,"apex"
"35976","lower order",1,1,"lower"
"35977","lower order",1,1,"lower"
"35978","lower order",1,1,"lower"
"35980","lower order",1,1,"lower"
"35982","lower order",1,1,"lower"
"35989","lower order",1,1,"lower"
"35990","lower order",1,1,"lower"
"35993","lower order",1,1,"lower"
"35995","lower order",1,1,"lower"
"35999","lower order",1,1,"lower"
"36000","lower order",1,1,"lower"
"36001","lower order",1,1,"lower"
"36005","lower order",1,1,"lower"
"36031","lower order",1,1,"lower"
"36032","lower order",1,1,"lower"
"36094","lower order",1,1,"lower"
"36093","lower order",1,1,"lower"
"36092","lower order",1,1,"lower"
"36095","lower order",1,1,"lower"
"36098","lower order",1,1,"lower"
"36099","lower order",1,1,"lower"
"36103","lower order",1,1,"lower"
"36106","lower order",1,1,"lower"
"36104","lower order",1,1,"lower"
"36105","lower order",1,1,"lower"
"36109","lower order",1,1,"lower"
"36110","lower order",1,1,"lower"
"36107","lower order",1,1,"lower"
"36108","lower order",1,1,"lower"
"36112","lower order",1,1,"lower"
"36113","lower order",1,1,"lower"
"36090","lower order",1,1,"lower"
"36111","lower order",1,1,"lower"
"36096","lower order",1,1,"lower"
"36097","lower order",1,1,"lower"
"36101","lower order",1,1,"lower"
"36102","lower order",1,1,"lower"
"36114","lower order",1,1,"lower"
"36115","lower order",1,1,"lower"
"36189","lower order",1,1,"lower"
"36190","lower order",1,1,"lower"
"36195","lower order",1,1,"lower"
"36226","lower order",1,1,"lower"
"36227","lower order",1,1,"lower"
"36228","lower order",1,1,"lower"
"36229","lower order",1,1,"lower"
"36230","lower order",1,1,"lower"
"36231","lower order",1,1,"lower"
"36233","lower order",1,1,"lower"
"36234","lower order",1,1,"lower"
"12","lower order",1,1,"lower"
"13","lower order",1,1,"lower"
"14","lower order",1,1,"lower"
"229","lower order",1,1,"lower"
"234","lower order",1,3,"apex"
"234","apex",2,3,"apex"
"240","lower order",1,1,"lower"
"46","lower order",1,1,"lower"
"48","lower order",1,1,"lower"
"49","lower order",1,1,"lower"
"249","lower order",1,1,"lower"
"252","apex",2,2,"apex"
"254","lower order",1,1,"lower"
"256","apex",2,2,"apex"
"259","lower order",1,1,"lower"
"260","lower order",1,1,"lower"
"261","lower order",1,1,"lower"
"307","lower order",1,1,"lower"
"358","lower order",1,1,"lower"
"398","lower order",1,1,"lower"
"400","lower order",1,1,"lower"
"401","lower order",1,1,"lower"
"403","lower order",1,1,"lower"
"404","lower order",1,1,"lower"
"419","lower order",1,1,"lower"
"424","lower order",1,1,"lower"
"425","lower order",1,1,"lower"
"426","lower order",1,1,"lower"
"432","lower order",1,1,"lower"
"433","lower order",1,1,"lower"
"436","lower order",1,1,"lower"
"448","lower order",1,1,"lower"
"451","lower order",1,1,"lower"
"452","lower order",1,1,"lower"
"453","lower order",1,1,"lower"
"455","lower order",1,1,"lower"
"458","lower order",1,1,"lower"
"459","lower order",1,1,"lower"
"460","lower order",1,1,"lower"
"470","lower order",1,1,"lower"
"471","lower order",1,1,"lower"
"473","lower order",1,1,"lower"
"476","lower order",1,1,"lower"
"477","lower order",1,1,"lower"
"484","lower order",1,1,"lower"
"494","lower order",1,1,"lower"
"516","lower order",1,1,"lower"
"526","lower order",1,1,"lower"
"530","lower order",1,1,"lower"
"532","lower order",1,1,"lower"
"535","apex",2,2,"apex"
"541","lower order",1,1,"lower"
"610","lower order",1,1,"lower"
"691","lower order",1,1,"lower"
"697","lower order",1,1,"lower"
"698","lower order",1,1,"lower"
"699","lower order",1,1,"lower"
"722","lower order",1,1,"lower"
"723","lower order",1,1,"lower"
"733","lower order",1,1,"lower"
"749","lower order",1,1,"lower"
"750","lower order",1,1,"lower"
"760","lower order",1,1,"lower"
"883","lower order",1,1,"lower"
"884","lower order",1,1,"lower"
"918","lower order",1,1,"lower"
"926","lower order",1,1,"lower"
"975","lower order",1,1,"lower"
"985","lower order",1,1,"lower"
"1173","lower order",1,1,"lower"
"1141","lower order",1,1,"lower"
"1143","lower order",1,1,"lower"
"1148","lower order",1,1,"lower"
"1150","lower order",1,3,"apex"
"1150","apex",2,3,"apex"
"1156","apex",2,2,"apex"
"1157","lower order",1,1,"lower"
"1158","lower order",1,1,"lower"
"1159","lower order",1,1,"lower"
"1160","lower order",1,1,"lower"
"1163","lower order",1,1,"lower"
"1164","lower order",1,1,"lower"
"1165","lower order",1,1,"lower"
"1166","lower order",1,1,"lower"
"1168","lower order",1,1,"lower"
"1169","lower order",1,1,"lower"
"1170","lower order",1,1,"lower"
"1171","lower order",1,1,"lower"
"1172","lower order",1,1,"lower"
"1174","lower order",1,1,"lower"
"1175","lower order",1,1,"lower"
"1176","lower order",1,1,"lower"
"1177","lower order",1,1,"lower"
"1178","lower order",1,1,"lower"
"1183","lower order",1,1,"lower"
"1185","lower order",1,1,"lower"
"1187","lower order",1,1,"lower"
"1190","lower order",1,1,"lower"
"1191","lower order",1,1,"lower"
"1193","lower order",1,1,"lower"
"1194","lower order",1,1,"lower"
"1195","lower order",1,1,"lower"
"1198","lower order",1,1,"lower"
"1200","lower order",1,1,"lower"
"1201","lower order",1,1,"lower"
"1202","lower order",1,1,"lower"
"1203","lower order",1,1,"lower"
"1204","lower order",1,1,"lower"
"1207","lower order",1,1,"lower"
"1208","lower order",1,1,"lower"
"1217","lower order",1,1,"lower"
"1220","lower order",1,1,"lower"
"1222","lower order",1,1,"lower"
"1223","lower order",1,1,"lower"
"1225","lower order",1,1,"lower"
"1226","lower order",1,1,"lower"
"1227","lower order",1,1,"lower"
"1228","lower order",1,1,"lower"
"1230","lower order",1,1,"lower"
"1231","lower order",1,1,"lower"
"1232","lower order",1,1,"lower"
"1233","lower order",1,1,"lower"
"1234","lower order",1,1,"lower"
"1235","lower order",1,1,"lower"
"1237","lower order",1,1,"lower"
"1239","lower order",1,1,"lower"
"1240","lower order",1,1,"lower"
"1241","lower order",1,1,"lower"
"1247","lower order",1,1,"lower"
"1249","lower order",1,1,"lower"
"1250","lower order",1,1,"lower"
"1251","lower order",1,1,"lower"
"1252","lower order",1,1,"lower"
"1253","lower order",1,1,"lower"
"1254","lower order",1,1,"lower"
"1255","lower order",1,1,"lower"
"1256","lower order",1,1,"lower"
"1257","lower order",1,1,"lower"
"1258","lower order",1,1,"lower"
"1259","lower order",1,1,"lower"
"1260","lower order",1,1,"lower"
"1262","lower order",1,1,"lower"
"1265","lower order",1,1,"lower"
"1266","lower order",1,1,"lower"
"1268","lower order",1,1,"lower"
"1270","lower order",1,1,"lower"
"1271","lower order",1,1,"lower"
"1272","lower order",1,1,"lower"
"1275","lower order",1,1,"lower"
"1276","lower order",1,1,"lower"
"1277","lower order",1,3,"apex"
"1277","apex",2,3,"apex"
"1279","lower order",1,1,"lower"
"1280","lower order",1,1,"lower"
"1281","lower order",1,1,"lower"
"1282","lower order",1,1,"lower"
"1285","lower order",1,1,"lower"
"1286","lower order",1,1,"lower"
"1289","lower order",1,1,"lower"
"1290","lower order",1,1,"lower"
"1293","lower order",1,1,"lower"
"1304","lower order",1,1,"lower"
"1305","lower order",1,1,"lower"
"1309","lower order",1,1,"lower"
"1311","lower order",1,1,"lower"
"1312","lower order",1,1,"lower"
"1313","lower order",1,1,"lower"
"1317","apex",2,2,"apex"
"1320","lower order",1,1,"lower"
"1321","lower order",1,1,"lower"
"1323","lower order",1,1,"lower"
"1325","apex",2,2,"apex"
"1327","apex",2,2,"apex"
"1328","lower order",1,1,"lower"
"1333","apex",2,2,"apex"
"1337","apex",2,2,"apex"
"1339","apex",2,2,"apex"
"1343","lower order",1,3,"apex"
"1343","apex",2,3,"apex"
"1345","apex",2,2,"apex"
"1350","apex",2,2,"apex"
"1351","apex",2,2,"apex"
"1352","apex",2,2,"apex"
"1353","lower order",1,1,"lower"
"1355","lower order",1,1,"lower"
"1360","lower order",1,1,"lower"
"1363","lower order",1,1,"lower"
"1364","lower order",1,1,"lower"
"1365","lower order",1,1,"lower"
"1367","lower order",1,1,"lower"
"1368","lower order",1,1,"lower"
"1372","lower order",1,1,"lower"
"1373","lower order",1,1,"lower"
"1384","lower order",1,1,"lower"
"1385","lower order",1,1,"lower"
"1388","lower order",1,1,"lower"
"1389","lower order",1,1,"lower"
"1392","lower order",1,1,"lower"
"1393","lower order",1,1,"lower"
"1394","lower order",1,1,"lower"
"1396","lower order",1,1,"lower"
"1401","lower order",1,1,"lower"
"1409","lower order",1,1,"lower"
"1412","lower order",1,1,"lower"
"1416","lower order",1,1,"lower"
"1423","lower order",1,1,"lower"
"1425","lower order",1,1,"lower"
"1426","lower order",1,1,"lower"
"1427","lower order",1,1,"lower"
"1429","lower order",1,1,"lower"
"1431","lower order",1,1,"lower"
"1435","lower order",1,1,"lower"
"1436","lower order",1,1,"lower"
"1437","lower order",1,1,"lower"
"1441","lower order",1,1,"lower"
"1450","lower order",1,1,"lower"
"1451","lower order",1,1,"lower"
"1453","lower order",1,1,"lower"
"1463","lower order",1,1,"lower"
"1467","lower order",1,1,"lower"
"1469","lower order",1,1,"lower"
"1471","lower order",1,1,"lower"
"1472","lower order",1,1,"lower"
"1484","lower order",1,1,"lower"
"1486","lower order",1,1,"lower"
"1487","lower order",1,1,"lower"
"1488","lower order",1,1,"lower"
"1494","lower order",1,1,"lower"
"1495","lower order",1,1,"lower"
"1497","lower order",1,1,"lower"
"1500","lower order",1,1,"lower"
"1508","lower order",1,1,"lower"
"1510","lower order",1,1,"lower"
"1511","lower order",1,1,"lower"
"1512","lower order",1,1,"lower"
"1513","lower order",1,1,"lower"
"1519","lower order",1,1,"lower"
"1521","lower order",1,1,"lower"
"1522","lower order",1,1,"lower"
"1524","lower order",1,1,"lower"
"1535","lower order",1,1,"lower"
"1543","lower order",1,1,"lower"
"1544","lower order",1,1,"lower"
"1547","lower order",1,1,"lower"
"1550","lower order",1,1,"lower"
"1556","lower order",1,1,"lower"
"1557","lower order",1,1,"lower"
"1559","lower order",1,1,"lower"
"1560","lower order",1,1,"lower"
"1578","lower order",1,1,"lower"
"1584","lower order",1,1,"lower"
"1593","lower order",1,1,"lower"
"1606","apex",2,2,"apex"
"1607","lower order",1,1,"lower"
"1612","lower order",1,1,"lower"
"1620","lower order",1,1,"lower"
"1621","lower order",1,1,"lower"
"1622","apex",2,2,"apex"
"1624","lower order",1,1,"lower"
"1627","apex",2,2,"apex"
"1628","lower order",1,1,"lower"
"1632","lower order",1,1,"lower"
"1633","lower order",1,1,"lower"
"1635","lower order",1,1,"lower"
"1648","lower order",1,1,"lower"
"1651","lower order",1,1,"lower"
"1654","lower order",1,1,"lower"
"1655","lower order",1,1,"lower"
"1656","lower order",1,3,"apex"
"1656","apex",2,3,"apex"
"1657","lower order",1,1,"lower"
"1660","lower order",1,1,"lower"
"1662","apex",2,2,"apex"
"1667","lower order",1,1,"lower"
"1674","lower order",1,1,"lower"
"1678","lower order",1,1,"lower"
"1682","apex",2,2,"apex"
"1683","apex",2,2,"apex"
"1684","apex",2,2,"apex"
"1687","lower order",1,1,"lower"
"1689","lower order",1,1,"lower"
"1691","apex",2,2,"apex"
"1698","apex",2,2,"apex"
"1701","apex",2,2,"apex"
"1705","lower order",1,1,"lower"
"1708","lower order",1,1,"lower"
"1710","apex",2,2,"apex"
"1711","apex",2,2,"apex"
"1718","apex",2,2,"apex"
"1722","lower order",1,1,"lower"
"1724","lower order",1,1,"lower"
"1727","lower order",1,1,"lower"
"1728","lower order",1,1,"lower"
"1729","lower order",1,1,"lower"
"1730","lower order",1,1,"lower"
"1731","lower order",1,1,"lower"
"1732","lower order",1,1,"lower"
"1735","lower order",1,1,"lower"
"1736","lower order",1,1,"lower"
"1737","lower order",1,1,"lower"
"2573","lower order",1,1,"lower"
"1742","lower order",1,1,"lower"
"1745","lower order",1,1,"lower"
"1746","lower order",1,1,"lower"
"1747","lower order",1,1,"lower"
"1749","lower order",1,1,"lower"
"1750","lower order",1,1,"lower"
"1752","lower order",1,1,"lower"
"1753","lower order",1,1,"lower"
"1754","lower order",1,1,"lower"
"1755","lower order",1,1,"lower"
"1758","lower order",1,1,"lower"
"1760","lower order",1,1,"lower"
"1763","lower order",1,1,"lower"
"1764","lower order",1,1,"lower"
"1766","lower order",1,1,"lower"
"1767","lower order",1,1,"lower"
"1768","lower order",1,1,"lower"
"1769","lower order",1,1,"lower"
"1770","lower order",1,1,"lower"
"1773","lower order",1,1,"lower"
"1774","lower order",1,1,"lower"
"1777","lower order",1,1,"lower"
"1778","lower order",1,1,"lower"
"1780","lower order",1,1,"lower"
"1781","lower order",1,1,"lower"
"1785","lower order",1,1,"lower"
"1786","lower order",1,1,"lower"
"1787","lower order",1,1,"lower"
"1788","lower order",1,1,"lower"
"1789","lower order",1,1,"lower"
"1791","lower order",1,1,"lower"
"1792","lower order",1,1,"lower"
"1794","lower order",1,1,"lower"
"1795","lower order",1,1,"lower"
"1796","lower order",1,1,"lower"
"1797","lower order",1,1,"lower"
"1798","lower order",1,1,"lower"
"1800","lower order",1,1,"lower"
"1804","lower order",1,1,"lower"
"1805","lower order",1,1,"lower"
"1806","lower order",1,1,"lower"
"1807","lower order",1,1,"lower"
"1809","lower order",1,1,"lower"
"1810","lower order",1,1,"lower"
"1811","lower order",1,1,"lower"
"1812","lower order",1,1,"lower"
"1819","lower order",1,1,"lower"
"1820","lower order",1,1,"lower"
"1824","lower order",1,1,"lower"
"1825","lower order",1,1,"lower"
"1828","lower order",1,1,"lower"
"1829","lower order",1,1,"lower"
"1830","lower order",1,1,"lower"
"1831","lower order",1,1,"lower"
"1833","lower order",1,1,"lower"
"1834","lower order",1,1,"lower"
"1835","lower order",1,1,"lower"
"1836","lower order",1,1,"lower"
"1837","lower order",1,1,"lower"
"1840","lower order",1,1,"lower"
"1843","lower order",1,1,"lower"
"1844","lower order",1,1,"lower"
"1846","lower order",1,1,"lower"
"2574","lower order",1,1,"lower"
"1849","lower order",1,1,"lower"
"1850","lower order",1,1,"lower"
"1852","lower order",1,1,"lower"
"1853","lower order",1,1,"lower"
"1855","lower order",1,1,"lower"
"1856","lower order",1,1,"lower"
"1860","lower order",1,1,"lower"
"1861","lower order",1,1,"lower"
"1862","lower order",1,1,"lower"
"1863","lower order",1,1,"lower"
"1864","lower order",1,1,"lower"
"1865","lower order",1,1,"lower"
"1869","lower order",1,1,"lower"
"1870","lower order",1,1,"lower"
"1873","lower order",1,1,"lower"
"1874","lower order",1,1,"lower"
"1875","lower order",1,1,"lower"
"1876","lower order",1,1,"lower"
"1878","lower order",1,1,"lower"
"1880","lower order",1,1,"lower"
"1881","lower order",1,1,"lower"
"1882","lower order",1,1,"lower"
"1883","lower order",1,1,"lower"
"1885","lower order",1,1,"lower"
"1889","lower order",1,1,"lower"
"1890","lower order",1,1,"lower"
"1892","lower order",1,1,"lower"
"1893","lower order",1,1,"lower"
"1908","lower order",1,1,"lower"
"1909","lower order",1,1,"lower"
"1910","lower order",1,1,"lower"
"1911","lower order",1,1,"lower"
"1912","lower order",1,1,"lower"
"1913","lower order",1,1,"lower"
"1915","lower order",1,1,"lower"
"1916","lower order",1,1,"lower"
"1917","lower order",1,1,"lower"
"1918","lower order",1,1,"lower"
"1920","lower order",1,1,"lower"
"1922","lower order",1,1,"lower"
"1923","lower order",1,1,"lower"
"1925","lower order",1,1,"lower"
"1928","lower order",1,1,"lower"
"1931","lower order",1,1,"lower"
"1932","lower order",1,1,"lower"
"1934","lower order",1,1,"lower"
"1935","lower order",1,1,"lower"
"1937","lower order",1,1,"lower"
"1939","lower order",1,1,"lower"
"1940","lower order",1,1,"lower"
"1941","lower order",1,1,"lower"
"1942","lower order",1,1,"lower"
"1943","lower order",1,1,"lower"
"1944","lower order",1,1,"lower"
"1945","lower order",1,1,"lower"
"1946","lower order",1,1,"lower"
"1947","lower order",1,1,"lower"
"1948","lower order",1,1,"lower"
"1951","lower order",1,1,"lower"
"1952","lower order",1,1,"lower"
"1953","lower order",1,1,"lower"
"1959","lower order",1,1,"lower"
"2003","lower order",1,1,"lower"
"2004","lower order",1,1,"lower"
"2009","lower order",1,1,"lower"
"2010","lower order",1,1,"lower"
"2012","lower order",1,1,"lower"
"2014","lower order",1,3,"apex"
"2014","apex",2,3,"apex"
"2015","lower order",1,3,"apex"
"2015","apex",2,3,"apex"
"2017","lower order",1,1,"lower"
"2018","lower order",1,1,"lower"
"2020","lower order",1,1,"lower"
"2021","lower order",1,3,"apex"
"2021","apex",2,3,"apex"
"2022","lower order",1,1,"lower"
"2027","lower order",1,1,"lower"
"2028","apex",2,2,"apex"
"2030","lower order",1,1,"lower"
"2033","lower order",1,1,"lower"
"2034","lower order",1,1,"lower"
"2035","lower order",1,1,"lower"
"2036","lower order",1,1,"lower"
"2037","lower order",1,1,"lower"
"2038","lower order",1,1,"lower"
"2039","lower order",1,1,"lower"
"2040","lower order",1,1,"lower"
"2041","lower order",1,1,"lower"
"2043","lower order",1,1,"lower"
"2044","lower order",1,1,"lower"
"2046","lower order",1,1,"lower"
"2047","lower order",1,1,"lower"
"2048","lower order",1,1,"lower"
"2049","lower order",1,1,"lower"
"2050","lower order",1,1,"lower"
"2052","lower order",1,1,"lower"
"2053","lower order",1,1,"lower"
"2054","lower order",1,3,"apex"
"2054","apex",2,3,"apex"
"2055","lower order",1,1,"lower"
"2057","lower order",1,1,"lower"
"2063","lower order",1,1,"lower"
"2068","lower order",1,1,"lower"
"2069","lower order",1,1,"lower"
"2073","lower order",1,1,"lower"
"2074","lower order",1,1,"lower"
"2075","lower order",1,1,"lower"
"2078","lower order",1,1,"lower"
"2079","lower order",1,1,"lower"
"2082","lower order",1,1,"lower"
"2083","lower order",1,1,"lower"
"2084","lower order",1,1,"lower"
"2085","lower order",1,1,"lower"
"2087","lower order",1,1,"lower"
"2089","lower order",1,1,"lower"
"2090","lower order",1,1,"lower"
"2091","lower order",1,1,"lower"
"2092","lower order",1,1,"lower"
"2093","lower order",1,1,"lower"
"2096","lower order",1,1,"lower"
"2097","lower order",1,1,"lower"
"2098","lower order",1,1,"lower"
"2101","lower order",1,1,"lower"
"2102","lower order",1,1,"lower"
"2104","lower order",1,1,"lower"
"2107","lower order",1,1,"lower"
"2111","lower order",1,1,"lower"
"2112","lower order",1,1,"lower"
"2113","lower order",1,1,"lower"
"2115","lower order",1,1,"lower"
"2116","lower order",1,1,"lower"
"2117","apex",2,2,"apex"
"2118","lower order",1,1,"lower"
"2119","lower order",1,1,"lower"
"2120","lower order",1,1,"lower"
"2122","lower order",1,1,"lower"
"2123","lower order",1,1,"lower"
"2124","lower order",1,1,"lower"
"2128","lower order",1,1,"lower"
"2129","lower order",1,1,"lower"
"2130","lower order",1,1,"lower"
"2131","lower order",1,1,"lower"
"2134","lower order",1,1,"lower"
"2135","lower order",1,1,"lower"
"2136","lower order",1,1,"lower"
"2137","lower order",1,1,"lower"
"2138","lower order",1,1,"lower"
"2139","lower order",1,1,"lower"
"2140","lower order",1,1,"lower"
"2142","lower order",1,1,"lower"
"2143","lower order",1,1,"lower"
"2144","lower order",1,1,"lower"
"2145","lower order",1,1,"lower"
"2147","lower order",1,1,"lower"
"2148","lower order",1,1,"lower"
"2152","lower order",1,1,"lower"
"2153","lower order",1,1,"lower"
"2157","lower order",1,1,"lower"
"2165","lower order",1,1,"lower"
"2166","lower order",1,1,"lower"
"2167","lower order",1,1,"lower"
"2168","lower order",1,1,"lower"
"2171","lower order",1,1,"lower"
"2180","lower order",1,1,"lower"
"2187","lower order",1,1,"lower"
"2184","lower order",1,1,"lower"
"2195","lower order",1,1,"lower"
"2202","lower order",1,1,"lower"
"2203","lower order",1,1,"lower"
"2207","lower order",1,1,"lower"
"2209","lower order",1,1,"lower"
"2210","lower order",1,1,"lower"
"2217","lower order",1,1,"lower"
"2218","lower order",1,1,"lower"
"2220","lower order",1,1,"lower"
"2223","lower order",1,1,"lower"
"2224","lower order",1,1,"lower"
"2225","lower order",1,1,"lower"
"2226","lower order",1,1,"lower"
"2228","lower order",1,1,"lower"
"2232","lower order",1,1,"lower"
"2233","lower order",1,1,"lower"
"2234","lower order",1,1,"lower"
"2235","lower order",1,3,"apex"
"2235","apex",2,3,"apex"
"2238","lower order",1,1,"lower"
"2239","lower order",1,1,"lower"
"2240","lower order",1,1,"lower"
"2241","lower order",1,1,"lower"
"2243","lower order",1,1,"lower"
"2245","lower order",1,1,"lower"
"2246","lower order",1,1,"lower"
"2247","lower order",1,1,"lower"
"2249","lower order",1,1,"lower"
"2250","lower order",1,1,"lower"
"2256","lower order",1,1,"lower"
"2259","lower order",1,1,"lower"
"2261","lower order",1,1,"lower"
"2262","lower order",1,1,"lower"
"2265","lower order",1,1,"lower"
"2266","lower order",1,1,"lower"
"2267","lower order",1,1,"lower"
"2268","lower order",1,1,"lower"
"2269","lower order",1,1,"lower"
"2271","lower order",1,1,"lower"
"2277","lower order",1,1,"lower"
"2279","lower order",1,1,"lower"
"2280","lower order",1,1,"lower"
"2283","lower order",1,1,"lower"
"2286","lower order",1,1,"lower"
"2289","lower order",1,1,"lower"
"2322","lower order",1,1,"lower"
"2325","lower order",1,1,"lower"
"2326","lower order",1,1,"lower"
"2328","lower order",1,1,"lower"
"2329","lower order",1,1,"lower"
"2330","lower order",1,1,"lower"
"2332","lower order",1,1,"lower"
"2334","lower order",1,1,"lower"
"2297","lower order",1,1,"lower"
"2303","lower order",1,1,"lower"
"2310","lower order",1,1,"lower"
"2308","lower order",1,1,"lower"
"2311","lower order",1,1,"lower"
"2316","lower order",1,1,"lower"
"2317","lower order",1,1,"lower"
"2319","lower order",1,1,"lower"
"2335","lower order",1,1,"lower"
"2338","lower order",1,1,"lower"
"2340","lower order",1,1,"lower"
"2350","lower order",1,1,"lower"
"2351","lower order",1,1,"lower"
"2352","lower order",1,1,"lower"
"2353","lower order",1,1,"lower"
"2354","lower order",1,1,"lower"
"2358","lower order",1,1,"lower"
"2361","lower order",1,1,"lower"
"2362","lower order",1,1,"lower"
"2364","lower order",1,1,"lower"
"2366","lower order",1,3,"apex"
"2366","apex",2,3,"apex"
"2372","lower order",1,1,"lower"
"2373","lower order",1,1,"lower"
"2375","lower order",1,1,"lower"
"2376","lower order",1,1,"lower"
"2378","lower order",1,1,"lower"
"2380","lower order",1,1,"lower"
"2390","lower order",1,1,"lower"
"2395","lower order",1,1,"lower"
"2397","lower order",1,1,"lower"
"2398","lower order",1,1,"lower"
"2416","lower order",1,1,"lower"
"2426","lower order",1,1,"lower"
"2429","lower order",1,1,"lower"
"2431","lower order",1,1,"lower"
"2433","lower order",1,1,"lower"
"2435","lower order",1,1,"lower"
"2436","lower order",1,1,"lower"
"2437","lower order",1,1,"lower"
"2439","lower order",1,1,"lower"
"2440","lower order",1,1,"lower"
"2441","lower order",1,1,"lower"
"2442","lower order",1,1,"lower"
"2444","lower order",1,1,"lower"
"2445","lower order",1,1,"lower"
"2446","lower order",1,1,"lower"
"2447","lower order",1,1,"lower"
"2448","lower order",1,1,"lower"
"2451","lower order",1,1,"lower"
"2452","lower order",1,1,"lower"
"2455","lower order",1,1,"lower"
"2457","lower order",1,1,"lower"
"2458","lower order",1,1,"lower"
"2460","lower order",1,1,"lower"
"2461","lower order",1,1,"lower"
"2468","lower order",1,1,"lower"
"2472","lower order",1,1,"lower"
"2482","lower order",1,1,"lower"
"2483","lower order",1,1,"lower"
"2484","lower order",1,1,"lower"
"2492","lower order",1,1,"lower"
"2494","lower order",1,1,"lower"
"2501","lower order",1,1,"lower"
"2502","lower order",1,1,"lower"
"2503","lower order",1,1,"lower"
"2504","lower order",1,1,"lower"
"2506","lower order",1,1,"lower"
"2507","lower order",1,1,"lower"
"2508","lower order",1,1,"lower"
"2510","lower order",1,1,"lower"
"2511","lower order",1,1,"lower"
"2512","lower order",1,1,"lower"
"2516","lower order",1,1,"lower"
"2517","lower order",1,1,"lower"
"2518","lower order",1,3,"apex"
"2518","apex",2,3,"apex"
"2519","lower order",1,1,"lower"
"2520","lower order",1,1,"lower"
"2521","lower order",1,3,"apex"
"2521","apex",2,3,"apex"
"2522","lower order",1,1,"lower"
"2523","lower order",1,1,"lower"
"2525","lower order",1,1,"lower"
"2527","lower order",1,1,"lower"
"2529","lower order",1,1,"lower"
"2530","lower order",1,1,"lower"
"2532","lower order",1,1,"lower"
"2533","lower order",1,1,"lower"
"2534","lower order",1,1,"lower"
"2535","lower order",1,1,"lower"
"2536","lower order",1,1,"lower"
"2537","lower order",1,1,"lower"
"2538","lower order",1,1,"lower"
"2539","lower order",1,1,"lower"
"2541","lower order",1,1,"lower"
"2542","lower order",1,1,"lower"
"2544","lower order",1,1,"lower"
"2545","lower order",1,1,"lower"
"2546","lower order",1,1,"lower"
"2547","lower order",1,1,"lower"
"2556","lower order",1,1,"lower"
"2558","lower order",1,1,"lower"
"2563","lower order",1,1,"lower"
"2564","lower order",1,1,"lower"
"2565","lower order",1,1,"lower"
"2566","lower order",1,1,"lower"
"2567","lower order",1,1,"lower"
"2568","lower order",1,1,"lower"
"2569","lower order",1,1,"lower"
"2570","lower order",1,1,"lower"
"2572","lower order",1,1,"lower"
"2578","lower order",1,1,"lower"
"2580","lower order",1,1,"lower"
"2581","lower order",1,1,"lower"
"2588","lower order",1,1,"lower"
"2604","lower order",1,1,"lower"
"2605","lower order",1,1,"lower"
"2606","lower order",1,1,"lower"
"2607","lower order",1,1,"lower"
"2608","lower order",1,1,"lower"
"2609","lower order",1,1,"lower"
"2610","lower order",1,1,"lower"
"2611","lower order",1,1,"lower"
"2612","lower order",1,1,"lower"
"2613","lower order",1,1,"lower"
"2614","lower order",1,1,"lower"
"2615","lower order",1,1,"lower"
"2617","lower order",1,1,"lower"
"2631","lower order",1,1,"lower"
"2632","lower order",1,1,"lower"
"2633","lower order",1,1,"lower"
"2634","lower order",1,1,"lower"
"2635","lower order",1,1,"lower"
"2636","lower order",1,1,"lower"
"2637","lower order",1,1,"lower"
"2638","lower order",1,1,"lower"
"2639","lower order",1,1,"lower"
"2640","lower order",1,1,"lower"
"2641","lower order",1,1,"lower"
"2642","lower order",1,1,"lower"
"2643","lower order",1,1,"lower"
"2645","lower order",1,1,"lower"
"2646","lower order",1,1,"lower"
"2647","lower order",1,1,"lower"
"2648","lower order",1,1,"lower"
"2649","lower order",1,1,"lower"
"2654","lower order",1,1,"lower"
"2668","lower order",1,1,"lower"
"2676","lower order",1,1,"lower"
"2679","apex",2,2,"apex"
"2680","apex",2,2,"apex"
"2684","lower order",1,1,"lower"
"2686","lower order",1,1,"lower"
"2663","apex",2,2,"apex"
"2701","lower order",1,1,"lower"
"2709","lower order",1,1,"lower"
"2715","apex",2,2,"apex"
"2760","lower order",1,1,"lower"
"2765","lower order",1,1,"lower"
"2766","apex",2,2,"apex"
"2689","apex",2,2,"apex"
"2772","lower order",1,1,"lower"
"2809","lower order",1,1,"lower"
"2811","lower order",1,1,"lower"
"2816","apex",2,2,"apex"
"2819","apex",2,2,"apex"
"2825","lower order",1,1,"lower"
"2826","apex",2,2,"apex"
"2827","apex",2,2,"apex"
"2831","lower order",1,1,"lower"
"2832","lower order",1,1,"lower"
"2838","lower order",1,1,"lower"
"2844","lower order",1,1,"lower"
"2847","lower order",1,3,"apex"
"2847","apex",2,3,"apex"
"2863","apex",2,2,"apex"
"2865","apex",2,2,"apex"
"2866","apex",2,2,"apex"
"2867","apex",2,2,"apex"
"2870","lower order",1,1,"lower"
"2873","lower order",1,1,"lower"
"2875","lower order",1,1,"lower"
"2876","lower order",1,1,"lower"
"2880","lower order",1,1,"lower"
"2881","lower order",1,1,"lower"
"2885","lower order",1,3,"apex"
"2885","apex",2,3,"apex"
"2888","lower order",1,1,"lower"
"2889","apex",2,2,"apex"
"2893","apex",2,2,"apex"
"2899","lower order",1,3,"apex"
"2899","apex",2,3,"apex"
"2958","lower order",1,1,"lower"
"2962","lower order",1,1,"lower"
"2967","lower order",1,1,"lower"
"2968","lower order",1,1,"lower"
"2975","lower order",1,1,"lower"
"2977","lower order",1,1,"lower"
"2982","lower order",1,1,"lower"
"2984","lower order",1,1,"lower"
"2987","lower order",1,1,"lower"
"2992","lower order",1,1,"lower"
"2994","lower order",1,1,"lower"
"2995","lower order",1,1,"lower"
"3000","lower order",1,1,"lower"
"3008","lower order",1,1,"lower"
"3010","lower order",1,1,"lower"
"3011","lower order",1,1,"lower"
"3012","lower order",1,1,"lower"
"3013","lower order",1,1,"lower"
"3014","lower order",1,1,"lower"
"3016","lower order",1,1,"lower"
"3017","lower order",1,1,"lower"
"3018","lower order",1,1,"lower"
"3020","lower order",1,1,"lower"
"3029","lower order",1,1,"lower"
"3030","lower order",1,1,"lower"
"3031","lower order",1,1,"lower"
"3034","lower order",1,1,"lower"
"3052","lower order",1,1,"lower"
"3054","lower order",1,1,"lower"
"3073","lower order",1,1,"lower"
"3099","lower order",1,1,"lower"
"3102","lower order",1,1,"lower"
"3108","lower order",1,1,"lower"
"3110","lower order",1,1,"lower"
"3111","lower order",1,1,"lower"
"3114","lower order",1,1,"lower"
"3115","lower order",1,1,"lower"
"3118","lower order",1,1,"lower"
"3119","lower order",1,1,"lower"
"3122","lower order",1,1,"lower"
"3123","lower order",1,1,"lower"
"3124","lower order",1,1,"lower"
"3129","lower order",1,1,"lower"
"3134","lower order",1,1,"lower"
"3152","lower order",1,1,"lower"
"3157","lower order",1,1,"lower"
"3207","lower order",1,1,"lower"
"3208","apex",2,2,"apex"
"3217","lower order",1,1,"lower"
"3220","lower order",1,1,"lower"
"3225","lower order",1,1,"lower"
"3226","apex",2,2,"apex"
"3244","lower order",1,1,"lower"
"3249","lower order",1,1,"lower"
"3252","lower order",1,1,"lower"
"3254","apex",2,2,"apex"
"3272","lower order",1,3,"apex"
"3272","apex",2,3,"apex"
"3273","lower order",1,3,"apex"
"3273","apex",2,3,"apex"
"3276","lower order",1,1,"lower"
"3277","lower order",1,1,"lower"
"3283","lower order",1,1,"lower"
"3284","lower order",1,1,"lower"
"3285","lower order",1,1,"lower"
"3288","apex",2,2,"apex"
"3292","lower order",1,1,"lower"
"3303","lower order",1,1,"lower"
"3304","lower order",1,1,"lower"
"3308","lower order",1,1,"lower"
"3310","lower order",1,1,"lower"
"3317","lower order",1,1,"lower"
"3321","lower order",1,1,"lower"
"3324","lower order",1,1,"lower"
"3328","lower order",1,1,"lower"
"3332","lower order",1,1,"lower"
"3335","lower order",1,1,"lower"
"3345","lower order",1,1,"lower"
"3352","lower order",1,1,"lower"
"3354","lower order",1,1,"lower"
"3356","lower order",1,1,"lower"
"3359","lower order",1,1,"lower"
"3362","lower order",1,1,"lower"
"3366","lower order",1,1,"lower"
"3369","lower order",1,1,"lower"
"3370","lower order",1,1,"lower"
"3386","lower order",1,1,"lower"
"3406","lower order",1,1,"lower"
"3409","lower order",1,1,"lower"
"3410","lower order",1,1,"lower"
"3411","lower order",1,1,"lower"
"3421","lower order",1,1,"lower"
"3434","lower order",1,1,"lower"
"3435","lower order",1,1,"lower"
"3438","lower order",1,1,"lower"
"3440","lower order",1,1,"lower"
"3441","lower order",1,1,"lower"
"3442","lower order",1,1,"lower"
"3443","lower order",1,1,"lower"
"3577","lower order",1,1,"lower"
"3592","lower order",1,1,"lower"
"3596","lower order",1,1,"lower"
"3602","lower order",1,1,"lower"
"3606","lower order",1,1,"lower"
"3622","lower order",1,1,"lower"
"3623","lower order",1,1,"lower"
"3637","lower order",1,1,"lower"
"3639","lower order",1,1,"lower"
"3640","lower order",1,1,"lower"
"3675","lower order",1,1,"lower"
"3718","lower order",1,1,"lower"
"3741","lower order",1,1,"lower"
"3744","lower order",1,1,"lower"
"3758","lower order",1,1,"lower"
"3760","lower order",1,1,"lower"
"3770","lower order",1,1,"lower"
"3775","lower order",1,1,"lower"
"3783","lower order",1,1,"lower"
"3835","lower order",1,1,"lower"
"3877","lower order",1,1,"lower"
"3883","lower order",1,1,"lower"
"3892","lower order",1,1,"lower"
"3912","lower order",1,1,"lower"
"3913","lower order",1,1,"lower"
"3917","lower order",1,1,"lower"
"3926","lower order",1,1,"lower"
"3998","lower order",1,1,"lower"
"4005","lower order",1,1,"lower"
"4006","lower order",1,1,"lower"
"4021","lower order",1,1,"lower"
"4024","lower order",1,1,"lower"
"4053","lower order",1,1,"lower"
"4054","lower order",1,1,"lower"
"4061","lower order",1,1,"lower"
"4072","lower order",1,1,"lower"
"4074","lower order",1,1,"lower"
"4075","lower order",1,1,"lower"
"4085","lower order",1,1,"lower"
"4086","lower order",1,1,"lower"
"4087","lower order",1,1,"lower"
"4088","lower order",1,1,"lower"
"4092","lower order",1,1,"lower"
"4095","lower order",1,1,"lower"
"4100","lower order",1,1,"lower"
"4101","lower order",1,1,"lower"
"4102","lower order",1,1,"lower"
"4139","lower order",1,1,"lower"
"4142","lower order",1,1,"lower"
"4143","lower order",1,1,"lower"
"4145","lower order",1,1,"lower"
"4146","lower order",1,1,"lower"
"4147","lower order",1,1,"lower"
"4150","lower order",1,1,"lower"
"4155","lower order",1,1,"lower"
"4160","lower order",1,1,"lower"
"4170","lower order",1,1,"lower"
"4175","lower order",1,1,"lower"
"4176","lower order",1,1,"lower"
"4179","lower order",1,1,"lower"
"4180","lower order",1,1,"lower"
"4182","lower order",1,1,"lower"
"4184","lower order",1,1,"lower"
"4187","lower order",1,1,"lower"
"4189","lower order",1,1,"lower"
"4261","lower order",1,3,"apex"
"4261","apex",2,3,"apex"
"4267","lower order",1,1,"lower"
"4269","lower order",1,1,"lower"
"4271","lower order",1,1,"lower"
"4278","lower order",1,1,"lower"
"4279","lower order",1,1,"lower"
"4281","lower order",1,1,"lower"
"4295","lower order",1,1,"lower"
"4300","lower order",1,1,"lower"
"4329","lower order",1,1,"lower"
"4330","lower order",1,1,"lower"
"4331","lower order",1,1,"lower"
"4335","lower order",1,1,"lower"
"4348","lower order",1,1,"lower"
"4349","lower order",1,1,"lower"
"4398","lower order",1,1,"lower"
"4633","lower order",1,1,"lower"
"4736","lower order",1,1,"lower"
"4750","lower order",1,1,"lower"
"4757","lower order",1,1,"lower"
"4827","lower order",1,1,"lower"
"4841","apex",2,2,"apex"
"4848","lower order",1,1,"lower"
"4858","apex",2,2,"apex"
"4864","lower order",1,1,"lower"
"4867","lower order",1,1,"lower"
"4868","lower order",1,1,"lower"
"4907","lower order",1,1,"lower"
"4940","apex",2,2,"apex"
"4948","lower order",1,1,"lower"
"5028","apex",2,2,"apex"
"5029","lower order",1,1,"lower"
"5039","lower order",1,1,"lower"
"5061","lower order",1,1,"lower"
"5066","lower order",1,1,"lower"
"5614","lower order",1,1,"lower"
"5666","lower order",1,1,"lower"
"5680","lower order",1,1,"lower"
"5691","lower order",1,1,"lower"
"5693","lower order",1,1,"lower"
"5700","lower order",1,1,"lower"
"5703","lower order",1,1,"lower"
"5838","lower order",1,1,"lower"
"5884","lower order",1,1,"lower"
"5887","lower order",1,1,"lower"
"5888","lower order",1,1,"lower"
"5889","lower order",1,1,"lower"
"5892","lower order",1,1,"lower"
"5901","lower order",1,1,"lower"
"5906","lower order",1,1,"lower"
"5907","lower order",1,1,"lower"
"5911","lower order",1,1,"lower"
"5912","lower order",1,1,"lower"
"5919","lower order",1,1,"lower"
"5920","lower order",1,1,"lower"
"5921","lower order",1,1,"lower"
"5922","lower order",1,1,"lower"
"5923","lower order",1,1,"lower"
"5924","lower order",1,1,"lower"
"5933","lower order",1,1,"lower"
"5935","lower order",1,1,"lower"
"5938","lower order",1,1,"lower"
"5941","lower order",1,1,"lower"
"5945","lower order",1,1,"lower"
"5948","lower order",1,1,"lower"
"5951","lower order",1,1,"lower"
"5975","lower order",1,1,"lower"
"5976","lower order",1,1,"lower"
"5979","lower order",1,1,"lower"
"5981","lower order",1,1,"lower"
"5982","lower order",1,1,"lower"
"5983","lower order",1,1,"lower"
"5984","lower order",1,1,"lower"
"5986","lower order",1,1,"lower"
"5988","lower order",1,1,"lower"
"6058","lower order",1,1,"lower"
"6079","lower order",1,1,"lower"
"6081","lower order",1,1,"lower"
"6083","lower order",1,1,"lower"
"6084","lower order",1,1,"lower"
"6085","lower order",1,1,"lower"
"6088","lower order",1,1,"lower"
"6099","lower order",1,1,"lower"
"6102","lower order",1,1,"lower"
"6103","lower order",1,1,"lower"
"6106","lower order",1,1,"lower"
"6109","lower order",1,1,"lower"
"6110","lower order",1,1,"lower"
"6113","lower order",1,1,"lower"
"6117","lower order",1,1,"lower"
"6118","lower order",1,1,"lower"
"6119","lower order",1,3,"apex"
"6119","apex",2,3,"apex"
"6124","lower order",1,1,"lower"
"6137","lower order",1,1,"lower"
"6143","lower order",1,1,"lower"
"6145","lower order",1,1,"lower"
"6148","lower order",1,1,"lower"
"6165","lower order",1,1,"lower"
"6199","lower order",1,1,"lower"
"6205","lower order",1,1,"lower"
"6211","lower order",1,1,"lower"
"6212","lower order",1,1,"lower"
"6233","lower order",1,1,"lower"
"6243","lower order",1,1,"lower"
"6249","lower order",1,1,"lower"
"6259","lower order",1,1,"lower"
"6261","lower order",1,1,"lower"
"6265","lower order",1,1,"lower"
"6274","lower order",1,1,"lower"
"6278","lower order",1,1,"lower"
"6284","lower order",1,1,"lower"
"6341","lower order",1,1,"lower"
"6350","lower order",1,1,"lower"
"6359","lower order",1,1,"lower"
"6363","lower order",1,1,"lower"
"6365","lower order",1,1,"lower"
"6374","lower order",1,1,"lower"
"6379","lower order",1,1,"lower"
"6381","lower order",1,1,"lower"
"6387","lower order",1,1,"lower"
"6392","lower order",1,1,"lower"
"6395","lower order",1,1,"lower"
"6397","lower order",1,1,"lower"
"6400","lower order",1,1,"lower"
"6401","lower order",1,1,"lower"
"6412","lower order",1,1,"lower"
"6414","lower order",1,1,"lower"
"6415","lower order",1,1,"lower"
"6416","lower order",1,1,"lower"
"6420","lower order",1,1,"lower"
"6422","lower order",1,1,"lower"
"6423","lower order",1,1,"lower"
"6424","lower order",1,1,"lower"
"6425","lower order",1,1,"lower"
"6426","lower order",1,1,"lower"
"6427","lower order",1,1,"lower"
"6428","lower order",1,1,"lower"
"6429","lower order",1,1,"lower"
"6430","lower order",1,1,"lower"
"6437","lower order",1,1,"lower"
"6438","lower order",1,1,"lower"
"6440","lower order",1,1,"lower"
"6442","lower order",1,1,"lower"
"6443","lower order",1,1,"lower"
"6444","lower order",1,1,"lower"
"6447","lower order",1,1,"lower"
"6450","lower order",1,1,"lower"
"6453","apex",2,2,"apex"
"6455","apex",2,3,"apex"
"6455","lower order",1,3,"apex"
"6458","lower order",1,1,"lower"
"6462","apex",2,2,"apex"
"6463","lower order",1,1,"lower"
"6470","lower order",1,1,"lower"
"6473","lower order",1,3,"apex"
"6473","apex",2,3,"apex"
"6475","apex",2,2,"apex"
"6502","lower order",1,3,"apex"
"6502","apex",2,3,"apex"
"6504","apex",2,2,"apex"
"6508","lower order",1,1,"lower"
"6509","lower order",1,1,"lower"
"6511","apex",2,2,"apex"
"6516","apex",2,2,"apex"
"6517","lower order",1,1,"lower"
"6518","apex",2,2,"apex"
"6519","lower order",1,1,"lower"
"6522","lower order",1,3,"apex"
"6522","apex",2,3,"apex"
"6523","apex",2,2,"apex"
"6530","lower order",1,1,"lower"
"6533","lower order",1,1,"lower"
"6540","lower order",1,1,"lower"
"6542","lower order",1,1,"lower"
"6543","apex",2,2,"apex"
"6545","lower order",1,3,"apex"
"6545","apex",2,3,"apex"
"6546","lower order",1,3,"apex"
"6546","apex",2,3,"apex"
"6551","lower order",1,3,"apex"
"6551","apex",2,3,"apex"
"6559","lower order",1,1,"lower"
"6561","lower order",1,1,"lower"
"6563","lower order",1,1,"lower"
"6566","lower order",1,1,"lower"
"6678","lower order",1,1,"lower"
"6679","lower order",1,1,"lower"
"6680","lower order",1,1,"lower"
"6682","lower order",1,1,"lower"
"6683","apex",2,2,"apex"
"6687","lower order",1,1,"lower"
"6692","lower order",1,1,"lower"
"6694","lower order",1,1,"lower"
"6698","lower order",1,1,"lower"
"6699","lower order",1,1,"lower"
"6703","lower order",1,1,"lower"
"6704","lower order",1,1,"lower"
"6705","lower order",1,1,"lower"
"6706","lower order",1,3,"apex"
"6706","apex",2,3,"apex"
"6708","lower order",1,1,"lower"
"6713","lower order",1,1,"lower"
"6715","lower order",1,1,"lower"
"6718","lower order",1,1,"lower"
"6720","lower order",1,1,"lower"
"6721","lower order",1,1,"lower"
"6724","lower order",1,1,"lower"
"6726","lower order",1,1,"lower"
"6727","lower order",1,1,"lower"
"6729","lower order",1,1,"lower"
"6731","lower order",1,1,"lower"
"6732","lower order",1,1,"lower"
"6737","lower order",1,1,"lower"
"6739","lower order",1,1,"lower"
"6748","lower order",1,1,"lower"
"6753","lower order",1,1,"lower"
"6755","lower order",1,1,"lower"
"6767","lower order",1,1,"lower"
"6778","lower order",1,1,"lower"
"6779","lower order",1,1,"lower"
"6780","lower order",1,1,"lower"
"6782","lower order",1,1,"lower"
"6783","lower order",1,1,"lower"
"6785","lower order",1,1,"lower"
"6794","lower order",1,1,"lower"
"6796","lower order",1,1,"lower"
"6797","lower order",1,1,"lower"
"6830","lower order",1,1,"lower"
"6835","lower order",1,1,"lower"
"7004","lower order",1,1,"lower"
"7006","lower order",1,1,"lower"
"7032","lower order",1,1,"lower"
"7033","lower order",1,1,"lower"
"7038","lower order",1,1,"lower"
"7050","lower order",1,1,"lower"
"7051","lower order",1,1,"lower"
"7060","lower order",1,1,"lower"
"7061","lower order",1,1,"lower"
"7064","lower order",1,1,"lower"
"7066","lower order",1,1,"lower"
"7067","lower order",1,1,"lower"
"7072","lower order",1,1,"lower"
"7076","lower order",1,1,"lower"
"7080","lower order",1,1,"lower"
"7085","lower order",1,1,"lower"
"7089","apex",2,2,"apex"
"7093","lower order",1,1,"lower"
"7094","lower order",1,1,"lower"
"7101","lower order",1,3,"apex"
"7101","apex",2,3,"apex"
"7133","lower order",1,1,"lower"
"7135","lower order",1,1,"lower"
"7140","lower order",1,1,"lower"
"7142","lower order",1,1,"lower"
"7143","apex",2,2,"apex"
"7151","lower order",1,1,"lower"
"7155","lower order",1,1,"lower"
"7159","lower order",1,1,"lower"
"7160","lower order",1,1,"lower"
"7161","lower order",1,1,"lower"
"7173","lower order",1,1,"lower"
"7180","lower order",1,1,"lower"
"7182","lower order",1,1,"lower"
"7183","lower order",1,1,"lower"
"7184","lower order",1,1,"lower"
"7186","lower order",1,1,"lower"
"7195","lower order",1,1,"lower"
"7196","lower order",1,1,"lower"
"7202","lower order",1,1,"lower"
"7203","lower order",1,1,"lower"
"7204","lower order",1,1,"lower"
"7205","lower order",1,1,"lower"
"7206","lower order",1,1,"lower"
"7207","lower order",1,1,"lower"
"7208","lower order",1,1,"lower"
"7209","lower order",1,1,"lower"
"7210","lower order",1,1,"lower"
"7211","lower order",1,1,"lower"
"7212","lower order",1,1,"lower"
"7213","lower order",1,1,"lower"
"7214","lower order",1,1,"lower"
"7215","lower order",1,1,"lower"
"7216","lower order",1,1,"lower"
"7217","lower order",1,1,"lower"
"7218","lower order",1,1,"lower"
"7219","lower order",1,1,"lower"
"7220","lower order",1,1,"lower"
"7221","lower order",1,1,"lower"
"7222","lower order",1,1,"lower"
"7223","lower order",1,1,"lower"
"7224","lower order",1,1,"lower"
"7225","lower order",1,1,"lower"
"7226","lower order",1,1,"lower"
"7227","lower order",1,1,"lower"
"7228","lower order",1,1,"lower"
"7229","lower order",1,1,"lower"
"7230","lower order",1,1,"lower"
"7231","lower order",1,1,"lower"
"7232","lower order",1,1,"lower"
"7233","lower order",1,1,"lower"
"7234","lower order",1,1,"lower"
"7235","lower order",1,1,"lower"
"7236","lower order",1,1,"lower"
"7237","lower order",1,1,"lower"
"7238","lower order",1,1,"lower"
"7239","lower order",1,1,"lower"
"7240","lower order",1,1,"lower"
"7241","lower order",1,1,"lower"
"7242","lower order",1,1,"lower"
"7243","lower order",1,1,"lower"
"7244","lower order",1,1,"lower"
"7245","lower order",1,1,"lower"
"7246","lower order",1,1,"lower"
"7247","lower order",1,1,"lower"
"7248","lower order",1,1,"lower"
"7250","lower order",1,1,"lower"
"7251","lower order",1,1,"lower"
"7252","lower order",1,1,"lower"
"7253","lower order",1,1,"lower"
"7255","lower order",1,3,"apex"
"7255","apex",2,3,"apex"
"7256","lower order",1,1,"lower"
"7258","lower order",1,1,"lower"
"7260","lower order",1,1,"lower"
"7261","lower order",1,1,"lower"
"7262","lower order",1,1,"lower"
"7263","lower order",1,1,"lower"
"7264","lower order",1,1,"lower"
"7268","lower order",1,1,"lower"
"7269","lower order",1,1,"lower"
"7271","lower order",1,1,"lower"
"7272","lower order",1,1,"lower"
"7274","lower order",1,1,"lower"
"7276","lower order",1,1,"lower"
"7277","lower order",1,1,"lower"
"7278","lower order",1,1,"lower"
"7279","lower order",1,1,"lower"
"7282","lower order",1,1,"lower"
"7284","lower order",1,1,"lower"
"7326","lower order",1,1,"lower"
"7455","lower order",1,1,"lower"
"7456","lower order",1,1,"lower"
"7457","lower order",1,1,"lower"
"7458","lower order",1,1,"lower"
"7460","lower order",1,1,"lower"
"7461","lower order",1,1,"lower"
"7463","lower order",1,1,"lower"
"7465","lower order",1,1,"lower"
"7466","lower order",1,1,"lower"
"7468","lower order",1,1,"lower"
"7470","lower order",1,1,"lower"
"7471","apex",2,2,"apex"
"7472","lower order",1,1,"lower"
"7473","lower order",1,1,"lower"
"7474","lower order",1,1,"lower"
"7475","lower order",1,1,"lower"
"7476","lower order",1,1,"lower"
"7488","lower order",1,1,"lower"
"7491","lower order",1,1,"lower"
"7497","lower order",1,1,"lower"
"7498","lower order",1,1,"lower"
"7500","lower order",1,1,"lower"
"7502","lower order",1,1,"lower"
"7504","lower order",1,1,"lower"
"7506","lower order",1,1,"lower"
"7508","lower order",1,1,"lower"
"7509","lower order",1,1,"lower"
"7512","lower order",1,1,"lower"
"7514","lower order",1,1,"lower"
"7515","lower order",1,1,"lower"
"7516","lower order",1,1,"lower"
"7518","lower order",1,1,"lower"
"7519","lower order",1,1,"lower"
"7520","lower order",1,1,"lower"
"7521","lower order",1,1,"lower"
"7526","lower order",1,1,"lower"
"7537","lower order",1,1,"lower"
"7541","lower order",1,1,"lower"
"7544","lower order",1,1,"lower"
"7545","lower order",1,1,"lower"
"7546","lower order",1,1,"lower"
"8661","lower order",1,1,"lower"
"8671","lower order",1,1,"lower"
"8672","lower order",1,1,"lower"
"8678","lower order",1,1,"lower"
"8686","lower order",1,1,"lower"
"8688","lower order",1,1,"lower"
"8705","lower order",1,1,"lower"
"8713","lower order",1,1,"lower"
"8753","lower order",1,1,"lower"
"8760","lower order",1,1,"lower"
"8773","lower order",1,1,"lower"
"8777","lower order",1,1,"lower"
"8779","lower order",1,1,"lower"
"8784","lower order",1,1,"lower"
"8791","lower order",1,1,"lower"
"8794","lower order",1,1,"lower"
"8796","lower order",1,1,"lower"
"8797","lower order",1,1,"lower"
"8800","lower order",1,1,"lower"
"8801","lower order",1,1,"lower"
"8804","lower order",1,1,"lower"
"8805","lower order",1,1,"lower"
"8806","lower order",1,1,"lower"
"8811","lower order",1,1,"lower"
"8812","lower order",1,1,"lower"
"8813","lower order",1,1,"lower"
"8815","lower order",1,1,"lower"
"8816","lower order",1,1,"lower"
"8817","lower order",1,1,"lower"
"8819","lower order",1,1,"lower"
"8822","lower order",1,1,"lower"
"8827","lower order",1,1,"lower"
"8830","lower order",1,1,"lower"
"8834","lower order",1,1,"lower"
"8841","lower order",1,1,"lower"
"8844","lower order",1,1,"lower"
"8845","lower order",1,1,"lower"
"8848","lower order",1,1,"lower"
"8849","lower order",1,1,"lower"
"8852","lower order",1,1,"lower"
"8853","lower order",1,1,"lower"
"8854","lower order",1,1,"lower"
"8857","lower order",1,1,"lower"
"8860","lower order",1,1,"lower"
"8862","lower order",1,1,"lower"
"8863","lower order",1,1,"lower"
"8866","lower order",1,1,"lower"
"8868","lower order",1,1,"lower"
"8874","lower order",1,1,"lower"
"8875","lower order",1,1,"lower"
"8881","lower order",1,1,"lower"
"8882","lower order",1,1,"lower"
"8889","lower order",1,1,"lower"
"8892","lower order",1,1,"lower"
"8893","lower order",1,1,"lower"
"8894","lower order",1,1,"lower"
"8895","lower order",1,1,"lower"
"8896","lower order",1,1,"lower"
"8898","lower order",1,1,"lower"
"8899","lower order",1,1,"lower"
"8901","lower order",1,1,"lower"
"8902","lower order",1,1,"lower"
"8903","lower order",1,1,"lower"
"8904","lower order",1,1,"lower"
"8906","lower order",1,1,"lower"
"8907","lower order",1,1,"lower"
"8909","lower order",1,1,"lower"
"8911","lower order",1,1,"lower"
"8912","lower order",1,1,"lower"
"8913","lower order",1,1,"lower"
"8914","lower order",1,1,"lower"
"8916","lower order",1,1,"lower"
"8917","lower order",1,1,"lower"
"8918","lower order",1,1,"lower"
"10151","lower order",1,1,"lower"
"10152","lower order",1,1,"lower"
"10155","lower order",1,1,"lower"
"10156","lower order",1,1,"lower"
"10157","lower order",1,1,"lower"
"10158","lower order",1,1,"lower"
"10159","lower order",1,1,"lower"
"10160","lower order",1,1,"lower"
"10161","lower order",1,1,"lower"
"10162","lower order",1,1,"lower"
"10163","lower order",1,1,"lower"
"10165","lower order",1,1,"lower"
"10166","lower order",1,1,"lower"
"10167","lower order",1,1,"lower"
"10168","lower order",1,1,"lower"
"10169","lower order",1,1,"lower"
"10170","lower order",1,1,"lower"
"10171","lower order",1,1,"lower"
"10172","lower order",1,1,"lower"
"10174","lower order",1,1,"lower"
"10175","lower order",1,1,"lower"
"10176","lower order",1,1,"lower"
"10177","lower order",1,1,"lower"
"10179","lower order",1,1,"lower"
"10180","lower order",1,1,"lower"
"10181","lower order",1,1,"lower"
"10183","lower order",1,1,"lower"
"10184","lower order",1,1,"lower"
"10185","lower order",1,1,"lower"
"10186","lower order",1,1,"lower"
"10187","lower order",1,1,"lower"
"10188","lower order",1,1,"lower"
"10189","lower order",1,1,"lower"
"10190","lower order",1,1,"lower"
"10192","lower order",1,1,"lower"
"10193","lower order",1,1,"lower"
"10194","lower order",1,1,"lower"
"10196","lower order",1,1,"lower"
"10197","lower order",1,1,"lower"
"10198","lower order",1,1,"lower"
"10199","lower order",1,1,"lower"
"10200","lower order",1,1,"lower"
"10201","lower order",1,1,"lower"
"10202","lower order",1,1,"lower"
"10203","lower order",1,1,"lower"
"10204","lower order",1,1,"lower"
"10205","lower order",1,1,"lower"
"10206","lower order",1,1,"lower"
"10208","lower order",1,1,"lower"
"10209","lower order",1,1,"lower"
"10210","lower order",1,1,"lower"
"10211","lower order",1,1,"lower"
"10212","lower order",1,1,"lower"
"10213","lower order",1,1,"lower"
"10214","lower order",1,1,"lower"
"10215","lower order",1,1,"lower"
"10216","lower order",1,1,"lower"
"10217","lower order",1,1,"lower"
"10218","lower order",1,1,"lower"
"10219","lower order",1,1,"lower"
"10224","lower order",1,1,"lower"
"10226","lower order",1,1,"lower"
"10227","lower order",1,1,"lower"
"10228","lower order",1,1,"lower"
"10229","lower order",1,1,"lower"
"10230","lower order",1,1,"lower"
"10231","lower order",1,1,"lower"
"10233","lower order",1,1,"lower"
"10234","lower order",1,1,"lower"
"10235","lower order",1,1,"lower"
"10236","lower order",1,1,"lower"
"10241","lower order",1,1,"lower"
"10242","lower order",1,1,"lower"
"10243","lower order",1,1,"lower"
"10244","lower order",1,1,"lower"
"10245","lower order",1,1,"lower"
"10246","lower order",1,1,"lower"
"10248","lower order",1,1,"lower"
"10249","lower order",1,1,"lower"
"10254","lower order",1,1,"lower"
"10255","lower order",1,1,"lower"
"10256","lower order",1,1,"lower"
"10257","lower order",1,1,"lower"
"10259","lower order",1,1,"lower"
"10261","lower order",1,1,"lower"
"10262","lower order",1,1,"lower"
"10263","lower order",1,1,"lower"
"10264","lower order",1,1,"lower"
"10265","lower order",1,1,"lower"
"10266","lower order",1,1,"lower"
"10267","lower order",1,1,"lower"
"10268","lower order",1,1,"lower"
"10269","lower order",1,1,"lower"
"10270","lower order",1,1,"lower"
"10272","lower order",1,1,"lower"
"10273","lower order",1,1,"lower"
"10274","lower order",1,1,"lower"
"10275","lower order",1,1,"lower"
"10276","lower order",1,1,"lower"
"10277","lower order",1,1,"lower"
"10278","lower order",1,1,"lower"
"10279","lower order",1,1,"lower"
"10280","lower order",1,1,"lower"
"10281","lower order",1,1,"lower"
"10282","lower order",1,1,"lower"
"10283","lower order",1,1,"lower"
"10284","lower order",1,1,"lower"
"10285","lower order",1,1,"lower"
"10286","lower order",1,1,"lower"
"10287","lower order",1,1,"lower"
"10288","lower order",1,1,"lower"
"10289","lower order",1,1,"lower"
"10290","lower order",1,1,"lower"
"10291","lower order",1,1,"lower"
"10292","lower order",1,1,"lower"
"10293","lower order",1,1,"lower"
"10294","lower order",1,1,"lower"
"10295","lower order",1,1,"lower"
"10296","lower order",1,3,"apex"
"10296","apex",2,3,"apex"
"10297","lower order",1,1,"lower"
"10298","lower order",1,1,"lower"
"10299","lower order",1,1,"lower"
"10300","lower order",1,1,"lower"
"10301","lower order",1,1,"lower"
"10302","lower order",1,1,"lower"
"10303","lower order",1,1,"lower"
"10304","lower order",1,1,"lower"
"10305","lower order",1,1,"lower"
"10306","lower order",1,1,"lower"
"10307","lower order",1,1,"lower"
"10309","lower order",1,1,"lower"
"10310","lower order",1,1,"lower"
"10311","lower order",1,1,"lower"
"10312","lower order",1,1,"lower"
"10313","lower order",1,1,"lower"
"10315","lower order",1,1,"lower"
"10317","lower order",1,1,"lower"
"10318","lower order",1,1,"lower"
"10320","lower order",1,1,"lower"
"10321","lower order",1,1,"lower"
"10322","lower order",1,1,"lower"
"10324","lower order",1,1,"lower"
"10325","lower order",1,1,"lower"
"10327","lower order",1,1,"lower"
"10329","lower order",1,1,"lower"
"10331","lower order",1,1,"lower"
"10332","lower order",1,1,"lower"
"10333","lower order",1,1,"lower"
"10334","lower order",1,1,"lower"
"10335","lower order",1,1,"lower"
"10336","lower order",1,1,"lower"
"10337","lower order",1,1,"lower"
"10338","lower order",1,1,"lower"
"10339","lower order",1,1,"lower"
"10340","lower order",1,1,"lower"
"10341","lower order",1,1,"lower"
"10342","lower order",1,1,"lower"
"10345","lower order",1,1,"lower"
"10346","lower order",1,1,"lower"
"10350","lower order",1,1,"lower"
"10351","lower order",1,1,"lower"
"10352","lower order",1,1,"lower"
"10353","lower order",1,1,"lower"
"10355","lower order",1,1,"lower"
"14033","lower order",1,1,"lower"
"14035","lower order",1,1,"lower"
"14036","lower order",1,1,"lower"
"14037","lower order",1,1,"lower"
"14040","lower order",1,1,"lower"
"14042","lower order",1,1,"lower"
"14048","lower order",1,1,"lower"
"14069","lower order",1,1,"lower"
"14304","lower order",1,1,"lower"
"14306","lower order",1,1,"lower"
"14308","lower order",1,1,"lower"
"14309","lower order",1,1,"lower"
"14310","lower order",1,1,"lower"
"14311","lower order",1,1,"lower"
"14337","lower order",1,1,"lower"
"14340","lower order",1,1,"lower"
"14341","lower order",1,1,"lower"
"14348","lower order",1,1,"lower"
"14351","lower order",1,1,"lower"
"14359","lower order",1,1,"lower"
"14360","lower order",1,1,"lower"
"14363","lower order",1,1,"lower"
"14366","lower order",1,1,"lower"
"14370","lower order",1,1,"lower"
"14377","lower order",1,1,"lower"
"14380","lower order",1,1,"lower"
"14385","lower order",1,3,"apex"
"14385","apex",2,3,"apex"
"14390","lower order",1,1,"lower"
"14391","lower order",1,1,"lower"
"14394","lower order",1,3,"apex"
"14394","apex",2,3,"apex"
"14400","lower order",1,1,"lower"
"14401","lower order",1,1,"lower"
"14402","lower order",1,1,"lower"
"14403","lower order",1,1,"lower"
"15155","lower order",1,1,"lower"
"15157","lower order",1,1,"lower"
"15158","lower order",1,1,"lower"
"15159","lower order",1,1,"lower"
"15160","lower order",1,1,"lower"
"15161","lower order",1,1,"lower"
"15162","lower order",1,1,"lower"
"15163","lower order",1,1,"lower"
"15164","lower order",1,1,"lower"
"15165","lower order",1,1,"lower"
"15166","lower order",1,1,"lower"
"15167","lower order",1,1,"lower"
"15169","lower order",1,1,"lower"
"15170","lower order",1,1,"lower"
"15171","lower order",1,1,"lower"
"15172","lower order",1,1,"lower"
"15175","lower order",1,1,"lower"
"15176","lower order",1,1,"lower"
"15177","lower order",1,1,"lower"
"15178","lower order",1,1,"lower"
"15179","lower order",1,1,"lower"
"15180","lower order",1,1,"lower"
"15181","lower order",1,1,"lower"
"15182","lower order",1,1,"lower"
"15183","lower order",1,1,"lower"
"15184","lower order",1,1,"lower"
"15185","lower order",1,1,"lower"
"15187","lower order",1,1,"lower"
"15188","lower order",1,1,"lower"
"15189","lower order",1,1,"lower"
"15190","lower order",1,1,"lower"
"15194","lower order",1,1,"lower"
"15195","lower order",1,1,"lower"
"15196","lower order",1,1,"lower"
"15197","lower order",1,1,"lower"
"15198","lower order",1,1,"lower"
"15199","lower order",1,1,"lower"
"15200","lower order",1,1,"lower"
"15201","lower order",1,1,"lower"
"15202","lower order",1,1,"lower"
"15203","lower order",1,1,"lower"
"15206","lower order",1,1,"lower"
"15207","lower order",1,1,"lower"
"15208","lower order",1,1,"lower"
"15209","lower order",1,1,"lower"
"15210","lower order",1,1,"lower"
"15211","lower order",1,1,"lower"
"15212","lower order",1,1,"lower"
"15213","lower order",1,1,"lower"
"15214","lower order",1,1,"lower"
"15215","lower order",1,1,"lower"
"15216","lower order",1,1,"lower"
"15217","lower order",1,1,"lower"
"15218","lower order",1,1,"lower"
"15219","lower order",1,1,"lower"
"15220","lower order",1,1,"lower"
"15221","lower order",1,1,"lower"
"15222","lower order",1,1,"lower"
"15223","lower order",1,1,"lower"
"15224","lower order",1,1,"lower"
"15225","lower order",1,1,"lower"
"15227","lower order",1,1,"lower"
"15228","lower order",1,1,"lower"
"15229","lower order",1,1,"lower"
"15230","lower order",1,1,"lower"
"15231","lower order",1,1,"lower"
"15232","lower order",1,1,"lower"
"15233","lower order",1,1,"lower"
"15234","lower order",1,1,"lower"
"15235","lower order",1,1,"lower"
"15236","lower order",1,1,"lower"
"15237","lower order",1,1,"lower"
"15238","lower order",1,1,"lower"
"15240","lower order",1,1,"lower"
"15241","lower order",1,1,"lower"
"15242","lower order",1,1,"lower"
"15243","lower order",1,1,"lower"
"15244","lower order",1,1,"lower"
"15245","lower order",1,1,"lower"
"15246","lower order",1,1,"lower"
"15247","lower order",1,1,"lower"
"15248","lower order",1,1,"lower"
"15249","lower order",1,1,"lower"
"15250","lower order",1,1,"lower"
"15251","lower order",1,1,"lower"
"15252","lower order",1,1,"lower"
"15253","lower order",1,1,"lower"
"15254","lower order",1,1,"lower"
"15255","lower order",1,1,"lower"
"15283","lower order",1,1,"lower"
"15284","lower order",1,1,"lower"
"15285","lower order",1,1,"lower"
"15286","lower order",1,1,"lower"
"15287","lower order",1,1,"lower"
"15288","lower order",1,1,"lower"
"15290","lower order",1,1,"lower"
"15291","lower order",1,1,"lower"
"15292","lower order",1,1,"lower"
"15294","lower order",1,1,"lower"
"15296","lower order",1,1,"lower"
"15297","lower order",1,1,"lower"
"15298","lower order",1,1,"lower"
"15299","lower order",1,1,"lower"
"15300","lower order",1,1,"lower"
"15301","lower order",1,1,"lower"
"15303","lower order",1,1,"lower"
"15304","lower order",1,1,"lower"
"15306","lower order",1,1,"lower"
"15307","lower order",1,1,"lower"
"15308","lower order",1,1,"lower"
"15309","lower order",1,1,"lower"
"15310","lower order",1,1,"lower"
"15311","lower order",1,1,"lower"
"15312","lower order",1,1,"lower"
"15314","lower order",1,1,"lower"
"15315","lower order",1,1,"lower"
"15317","lower order",1,1,"lower"
"15318","lower order",1,1,"lower"
"15319","lower order",1,1,"lower"
"15320","lower order",1,1,"lower"
"15321","lower order",1,1,"lower"
"15322","lower order",1,1,"lower"
"15323","lower order",1,1,"lower"
"15324","lower order",1,1,"lower"
"15325","lower order",1,1,"lower"
"15326","lower order",1,1,"lower"
"15327","lower order",1,1,"lower"
"15328","lower order",1,1,"lower"
"15329","lower order",1,1,"lower"
"15330","lower order",1,1,"lower"
"15331","lower order",1,1,"lower"
"15332","lower order",1,1,"lower"
"15425","lower order",1,1,"lower"
"15426","lower order",1,1,"lower"
"15427","lower order",1,1,"lower"
"15428","lower order",1,1,"lower"
"15429","lower order",1,1,"lower"
"15430","lower order",1,1,"lower"
"15431","lower order",1,1,"lower"
"15432","lower order",1,1,"lower"
"15433","lower order",1,1,"lower"
"15435","lower order",1,1,"lower"
"15438","lower order",1,1,"lower"
"15443","lower order",1,1,"lower"
"15444","lower order",1,1,"lower"
"15445","lower order",1,1,"lower"
"15446","lower order",1,1,"lower"
"15447","lower order",1,1,"lower"
"15448","apex",2,2,"apex"
"15449","lower order",1,1,"lower"
"15450","lower order",1,1,"lower"
"15453","lower order",1,3,"apex"
"15453","apex",2,3,"apex"
"15454","lower order",1,1,"lower"
"15455","lower order",1,1,"lower"
"15456","lower order",1,1,"lower"
"15457","lower order",1,1,"lower"
"15458","lower order",1,1,"lower"
"15459","lower order",1,1,"lower"
"15462","lower order",1,1,"lower"
"15463","lower order",1,1,"lower"
"15465","lower order",1,1,"lower"
"15466","lower order",1,1,"lower"
"15467","lower order",1,1,"lower"
"15468","lower order",1,1,"lower"
"15469","lower order",1,1,"lower"
"15470","lower order",1,1,"lower"
"15472","lower order",1,1,"lower"
"15473","lower order",1,1,"lower"
"15475","lower order",1,1,"lower"
"15477","lower order",1,1,"lower"
"15478","lower order",1,1,"lower"
"15479","lower order",1,1,"lower"
"15480","lower order",1,1,"lower"
"15481","lower order",1,1,"lower"
"15482","lower order",1,1,"lower"
"15483","lower order",1,1,"lower"
"15485","lower order",1,1,"lower"
"15486","lower order",1,1,"lower"
"15487","lower order",1,1,"lower"
"15488","lower order",1,1,"lower"
"15489","lower order",1,1,"lower"
"15490","lower order",1,1,"lower"
"15491","lower order",1,1,"lower"
"15494","lower order",1,1,"lower"
"15495","lower order",1,1,"lower"
"15496","lower order",1,1,"lower"
"15497","lower order",1,1,"lower"
"15498","lower order",1,1,"lower"
"15499","lower order",1,1,"lower"
"15500","lower order",1,1,"lower"
"15501","lower order",1,1,"lower"
"15502","lower order",1,1,"lower"
"15503","lower order",1,1,"lower"
"15504","lower order",1,1,"lower"
"15505","lower order",1,1,"lower"
"15506","lower order",1,1,"lower"
"15507","lower order",1,1,"lower"
"15509","lower order",1,1,"lower"
"15510","lower order",1,1,"lower"
"15511","lower order",1,1,"lower"
"15512","lower order",1,1,"lower"
"15513","lower order",1,1,"lower"
"15514","lower order",1,1,"lower"
"15515","lower order",1,1,"lower"
"15516","lower order",1,1,"lower"
"15517","lower order",1,1,"lower"
"15518","lower order",1,1,"lower"
"15519","lower order",1,1,"lower"
"15520","lower order",1,1,"lower"
"15521","lower order",1,1,"lower"
"15522","lower order",1,1,"lower"
"15523","lower order",1,1,"lower"
"15524","lower order",1,1,"lower"
"15576","lower order",1,1,"lower"
"15577","lower order",1,1,"lower"
"15578","lower order",1,1,"lower"
"15579","lower order",1,1,"lower"
"15581","lower order",1,1,"lower"
"15582","lower order",1,1,"lower"
"15583","lower order",1,1,"lower"
"15584","lower order",1,1,"lower"
"15585","lower order",1,1,"lower"
"15586","lower order",1,1,"lower"
"15587","lower order",1,1,"lower"
"15588","lower order",1,1,"lower"
"15589","lower order",1,1,"lower"
"15590","lower order",1,1,"lower"
"15591","lower order",1,1,"lower"
"15592","lower order",1,1,"lower"
"15593","lower order",1,1,"lower"
"15594","lower order",1,1,"lower"
"15595","lower order",1,1,"lower"
"15596","lower order",1,1,"lower"
"15597","lower order",1,1,"lower"
"15598","lower order",1,1,"lower"
"15599","lower order",1,1,"lower"
"15600","lower order",1,1,"lower"
"15601","lower order",1,1,"lower"
"15602","lower order",1,1,"lower"
"15603","lower order",1,1,"lower"
"15604","lower order",1,1,"lower"
"15605","lower order",1,1,"lower"
"15606","lower order",1,1,"lower"
"15607","lower order",1,1,"lower"
"15608","lower order",1,1,"lower"
"15609","lower order",1,1,"lower"
"15610","lower order",1,1,"lower"
"15611","lower order",1,1,"lower"
"15612","lower order",1,1,"lower"
"15613","lower order",1,1,"lower"
"15614","lower order",1,1,"lower"
"15615","lower order",1,1,"lower"
"15616","lower order",1,1,"lower"
"15617","lower order",1,1,"lower"
"15618","lower order",1,1,"lower"
"15619","lower order",1,1,"lower"
"15620","lower order",1,1,"lower"
"15621","lower order",1,1,"lower"
"15622","lower order",1,1,"lower"
"15623","lower order",1,1,"lower"
"15624","lower order",1,1,"lower"
"15625","lower order",1,1,"lower"
"15669","lower order",1,1,"lower"
"15670","lower order",1,1,"lower"
"15671","lower order",1,1,"lower"
"15672","lower order",1,1,"lower"
"15673","lower order",1,1,"lower"
"15674","lower order",1,1,"lower"
"15675","lower order",1,1,"lower"
"15676","lower order",1,1,"lower"
"15677","lower order",1,1,"lower"
"15678","lower order",1,1,"lower"
"15679","lower order",1,1,"lower"
"15680","lower order",1,1,"lower"
"15683","lower order",1,1,"lower"
"15684","lower order",1,1,"lower"
"15685","lower order",1,1,"lower"
"15686","lower order",1,1,"lower"
"15687","lower order",1,1,"lower"
"15688","lower order",1,1,"lower"
"15689","lower order",1,1,"lower"
"15690","lower order",1,1,"lower"
"15692","lower order",1,1,"lower"
"15693","lower order",1,1,"lower"
"15694","lower order",1,1,"lower"
"15695","lower order",1,1,"lower"
"15697","lower order",1,1,"lower"
"15698","lower order",1,1,"lower"
"15699","lower order",1,1,"lower"
"15700","lower order",1,1,"lower"
"15703","lower order",1,1,"lower"
"15705","lower order",1,1,"lower"
"15706","lower order",1,1,"lower"
"15708","lower order",1,1,"lower"
"15709","lower order",1,1,"lower"
"15710","lower order",1,1,"lower"
"15711","lower order",1,1,"lower"
"15712","lower order",1,1,"lower"
"15713","lower order",1,1,"lower"
"15714","lower order",1,1,"lower"
"15715","lower order",1,1,"lower"
"15716","lower order",1,1,"lower"
"15718","lower order",1,1,"lower"
"15719","lower order",1,1,"lower"
"15720","lower order",1,1,"lower"
"15721","lower order",1,1,"lower"
"15722","lower order",1,1,"lower"
"15724","lower order",1,1,"lower"
"15725","lower order",1,1,"lower"
"15726","lower order",1,1,"lower"
"15727","lower order",1,1,"lower"
"15728","lower order",1,1,"lower"
"15729","lower order",1,1,"lower"
"15730","lower order",1,1,"lower"
"15734","lower order",1,1,"lower"
"15736","lower order",1,1,"lower"
"15739","lower order",1,1,"lower"
"15740","lower order",1,1,"lower"
"15741","lower order",1,1,"lower"
"15742","lower order",1,1,"lower"
"15744","lower order",1,1,"lower"
"15745","lower order",1,1,"lower"
"15746","lower order",1,1,"lower"
"15747","lower order",1,1,"lower"
"15748","lower order",1,1,"lower"
"15749","lower order",1,1,"lower"
"15750","lower order",1,1,"lower"
"15751","lower order",1,1,"lower"
"15752","lower order",1,1,"lower"
"15754","lower order",1,1,"lower"
"15755","lower order",1,1,"lower"
"15756","lower order",1,1,"lower"
"15757","lower order",1,1,"lower"
"15758","lower order",1,1,"lower"
"15759","lower order",1,1,"lower"
"15760","lower order",1,1,"lower"
"15762","lower order",1,1,"lower"
"15763","lower order",1,1,"lower"
"15764","lower order",1,1,"lower"
"15766","lower order",1,1,"lower"
"15768","lower order",1,1,"lower"
"15769","lower order",1,1,"lower"
"15770","lower order",1,1,"lower"
"15772","lower order",1,1,"lower"
"15777","lower order",1,1,"lower"
"15778","lower order",1,1,"lower"
"15779","lower order",1,1,"lower"
"15780","lower order",1,1,"lower"
"15781","lower order",1,1,"lower"
"15782","lower order",1,1,"lower"
"15785","lower order",1,1,"lower"
"15786","lower order",1,1,"lower"
"15788","lower order",1,1,"lower"
"15789","lower order",1,1,"lower"
"15790","lower order",1,1,"lower"
"15793","lower order",1,1,"lower"
"15794","lower order",1,1,"lower"
"15796","lower order",1,1,"lower"
"15797","lower order",1,1,"lower"
"15798","lower order",1,1,"lower"
"15799","lower order",1,1,"lower"
"15800","lower order",1,1,"lower"
"15801","lower order",1,1,"lower"
"15802","lower order",1,1,"lower"
"15803","lower order",1,1,"lower"
"15804","lower order",1,1,"lower"
"15805","lower order",1,1,"lower"
"15806","lower order",1,1,"lower"
"15807","lower order",1,1,"lower"
"15808","lower order",1,1,"lower"
"15809","lower order",1,1,"lower"
"15810","lower order",1,1,"lower"
"15812","lower order",1,1,"lower"
"15813","lower order",1,1,"lower"
"15814","lower order",1,3,"apex"
"15814","apex",2,3,"apex"
"15815","lower order",1,1,"lower"
"15817","lower order",1,1,"lower"
"15818","lower order",1,1,"lower"
"15819","lower order",1,1,"lower"
"15820","lower order",1,1,"lower"
"15821","lower order",1,1,"lower"
"15822","lower order",1,1,"lower"
"15823","lower order",1,1,"lower"
"15824","lower order",1,3,"apex"
"15824","apex",2,3,"apex"
"15826","lower order",1,1,"lower"
"15827","lower order",1,1,"lower"
"15828","lower order",1,1,"lower"
"15829","lower order",1,1,"lower"
"15830","lower order",1,1,"lower"
"15831","lower order",1,1,"lower"
"15832","lower order",1,1,"lower"
"15833","lower order",1,1,"lower"
"15834","lower order",1,1,"lower"
"15835","lower order",1,1,"lower"
"15836","lower order",1,1,"lower"
"15837","lower order",1,1,"lower"
"15838","lower order",1,1,"lower"
"15839","lower order",1,1,"lower"
"15840","lower order",1,1,"lower"
"15841","lower order",1,1,"lower"
"15845","lower order",1,1,"lower"
"15846","lower order",1,1,"lower"
"15847","lower order",1,1,"lower"
"15848","lower order",1,1,"lower"
"15850","lower order",1,1,"lower"
"15851","lower order",1,1,"lower"
"15852","lower order",1,1,"lower"
"15853","lower order",1,1,"lower"
"15855","lower order",1,1,"lower"
"15856","lower order",1,1,"lower"
"15857","lower order",1,1,"lower"
"15858","lower order",1,1,"lower"
"15859","lower order",1,1,"lower"
"15860","lower order",1,1,"lower"
"15861","lower order",1,1,"lower"
"15862","lower order",1,1,"lower"
"15863","lower order",1,1,"lower"
"15865","lower order",1,1,"lower"
"15866","lower order",1,1,"lower"
"15867","lower order",1,1,"lower"
"15869","lower order",1,1,"lower"
"15870","lower order",1,1,"lower"
"15871","lower order",1,1,"lower"
"15872","lower order",1,1,"lower"
"15873","lower order",1,1,"lower"
"15874","lower order",1,1,"lower"
"15875","lower order",1,1,"lower"
"15876","lower order",1,1,"lower"
"15877","lower order",1,1,"lower"
"15878","lower order",1,1,"lower"
"15879","lower order",1,1,"lower"
"15880","lower order",1,1,"lower"
"15882","lower order",1,1,"lower"
"15883","lower order",1,1,"lower"
"15884","lower order",1,1,"lower"
"15885","lower order",1,1,"lower"
"15886","lower order",1,1,"lower"
"15887","lower order",1,1,"lower"
"15888","lower order",1,1,"lower"
"15889","lower order",1,1,"lower"
"15890","lower order",1,1,"lower"
"15891","lower order",1,1,"lower"
"15892","lower order",1,1,"lower"
"15893","lower order",1,1,"lower"
"15894","lower order",1,1,"lower"
"15895","lower order",1,1,"lower"
"15896","lower order",1,1,"lower"
"15897","lower order",1,1,"lower"
"15898","lower order",1,1,"lower"
"15899","lower order",1,1,"lower"
"15900","lower order",1,1,"lower"
"15903","lower order",1,1,"lower"
"15904","lower order",1,1,"lower"
"15905","lower order",1,1,"lower"
"15906","lower order",1,1,"lower"
"15907","lower order",1,1,"lower"
"15908","lower order",1,1,"lower"
"15909","lower order",1,1,"lower"
"15910","lower order",1,1,"lower"
"15911","lower order",1,1,"lower"
"15912","lower order",1,1,"lower"
"15913","lower order",1,1,"lower"
"15914","lower order",1,1,"lower"
"15916","lower order",1,1,"lower"
"15918","lower order",1,1,"lower"
"15919","lower order",1,1,"lower"
"15920","lower order",1,1,"lower"
"15921","lower order",1,1,"lower"
"15922","lower order",1,1,"lower"
"15923","lower order",1,1,"lower"
"15924","lower order",1,1,"lower"
"15925","lower order",1,1,"lower"
"15926","lower order",1,1,"lower"
"15927","lower order",1,1,"lower"
"15928","lower order",1,1,"lower"
"15929","lower order",1,1,"lower"
"15930","lower order",1,1,"lower"
"15932","lower order",1,1,"lower"
"15946","lower order",1,1,"lower"
"15947","lower order",1,1,"lower"
"15948","lower order",1,1,"lower"
"15959","lower order",1,1,"lower"
"15960","lower order",1,1,"lower"
"15961","lower order",1,1,"lower"
"15962","lower order",1,1,"lower"
"15963","lower order",1,1,"lower"
"15965","lower order",1,1,"lower"
"15966","lower order",1,1,"lower"
"15967","lower order",1,1,"lower"
"15968","lower order",1,1,"lower"
"15969","apex",2,3,"apex"
"15969","lower order",1,3,"apex"
"15970","lower order",1,1,"lower"
"15971","lower order",1,1,"lower"
"15972","lower order",1,1,"lower"
"15973","lower order",1,1,"lower"
"15974","lower order",1,1,"lower"
"15976","lower order",1,1,"lower"
"15977","lower order",1,1,"lower"
"15978","lower order",1,1,"lower"
"15979","lower order",1,1,"lower"
"15980","lower order",1,1,"lower"
"15982","lower order",1,1,"lower"
"15983","lower order",1,1,"lower"
"15984","lower order",1,1,"lower"
"15986","lower order",1,1,"lower"
"15987","lower order",1,1,"lower"
"15988","lower order",1,1,"lower"
"15989","lower order",1,1,"lower"
"15990","lower order",1,1,"lower"
"15991","lower order",1,1,"lower"
"15992","lower order",1,1,"lower"
"15993","lower order",1,1,"lower"
"15994","lower order",1,1,"lower"
"15996","lower order",1,1,"lower"
"15999","lower order",1,1,"lower"
"16000","lower order",1,1,"lower"
"16001","lower order",1,1,"lower"
"16002","lower order",1,1,"lower"
"16003","lower order",1,1,"lower"
"16004","lower order",1,1,"lower"
"16005","lower order",1,1,"lower"
"16006","lower order",1,1,"lower"
"16007","lower order",1,1,"lower"
"16009","lower order",1,1,"lower"
"16010","lower order",1,1,"lower"
"16011","lower order",1,1,"lower"
"16012","lower order",1,1,"lower"
"16013","lower order",1,1,"lower"
"16014","apex",2,3,"apex"
"16014","lower order",1,3,"apex"
"16015","lower order",1,1,"lower"
"16016","lower order",1,1,"lower"
"16141","lower order",1,1,"lower"
"16143","lower order",1,1,"lower"
"16144","lower order",1,1,"lower"
"16150","lower order",1,1,"lower"
"16158","lower order",1,1,"lower"
"16159","lower order",1,1,"lower"
"16161","lower order",1,1,"lower"
"16162","lower order",1,1,"lower"
"16165","lower order",1,1,"lower"
"16168","lower order",1,1,"lower"
"16170","lower order",1,1,"lower"
"16177","lower order",1,1,"lower"
"16179","lower order",1,1,"lower"
"16182","lower order",1,1,"lower"
"16188","lower order",1,1,"lower"
"16190","lower order",1,1,"lower"
"16193","lower order",1,1,"lower"
"16195","lower order",1,1,"lower"
"16212","lower order",1,1,"lower"
"16225","lower order",1,1,"lower"
"16242","lower order",1,1,"lower"
"16245","lower order",1,1,"lower"
"16250","lower order",1,1,"lower"
"16254","lower order",1,1,"lower"
"16286","lower order",1,1,"lower"
"16287","lower order",1,1,"lower"
"16288","lower order",1,1,"lower"
"16289","lower order",1,1,"lower"
"16290","lower order",1,1,"lower"
"16291","lower order",1,1,"lower"
"16292","lower order",1,1,"lower"
"16296","lower order",1,1,"lower"
"16297","lower order",1,1,"lower"
"16298","lower order",1,1,"lower"
"16299","lower order",1,1,"lower"
"16300","lower order",1,1,"lower"
"16301","lower order",1,1,"lower"
"16302","lower order",1,1,"lower"
"16303","lower order",1,1,"lower"
"16304","lower order",1,1,"lower"
"16305","lower order",1,1,"lower"
"16307","lower order",1,1,"lower"
"16308","lower order",1,1,"lower"
"16309","lower order",1,1,"lower"
"16310","lower order",1,1,"lower"
"16311","lower order",1,1,"lower"
"16312","lower order",1,1,"lower"
"16313","lower order",1,1,"lower"
"16314","lower order",1,1,"lower"
"16315","lower order",1,1,"lower"
"16316","lower order",1,1,"lower"
"16317","lower order",1,1,"lower"
"16318","lower order",1,1,"lower"
"16319","lower order",1,1,"lower"
"16320","lower order",1,1,"lower"
"16321","lower order",1,1,"lower"
"16322","lower order",1,1,"lower"
"16323","lower order",1,1,"lower"
"16324","lower order",1,1,"lower"
"16325","lower order",1,1,"lower"
"16326","lower order",1,1,"lower"
"16341","lower order",1,1,"lower"
"16344","apex",2,2,"apex"
"16357","lower order",1,1,"lower"
"16359","lower order",1,1,"lower"
"16361","lower order",1,1,"lower"
"16365","lower order",1,1,"lower"
"16369","apex",2,2,"apex"
"16373","lower order",1,1,"lower"
"16387","apex",2,2,"apex"
"16390","lower order",1,1,"lower"
"16394","lower order",1,1,"lower"
"16395","lower order",1,1,"lower"
"16398","lower order",1,1,"lower"
"16399","lower order",1,1,"lower"
"16405","lower order",1,1,"lower"
"16406","lower order",1,1,"lower"
"16421","lower order",1,1,"lower"
"16427","lower order",1,1,"lower"
"16432","lower order",1,1,"lower"
"16466","lower order",1,1,"lower"
"16469","lower order",1,1,"lower"
"16471","lower order",1,1,"lower"
"16473","lower order",1,1,"lower"
"16474","lower order",1,1,"lower"
"16475","lower order",1,1,"lower"
"16476","lower order",1,1,"lower"
"16482","lower order",1,1,"lower"
"16491","lower order",1,1,"lower"
"16493","lower order",1,1,"lower"
"16496","lower order",1,3,"apex"
"16496","apex",2,3,"apex"
"16499","lower order",1,1,"lower"
"16502","lower order",1,1,"lower"
"16505","lower order",1,1,"lower"
"16508","lower order",1,1,"lower"
"16516","lower order",1,1,"lower"
"16522","lower order",1,1,"lower"
"16523","lower order",1,1,"lower"
"16528","lower order",1,1,"lower"
"16535","lower order",1,1,"lower"
"16541","lower order",1,1,"lower"
"16545","lower order",1,1,"lower"
"16547","lower order",1,1,"lower"
"16548","lower order",1,1,"lower"
"16551","lower order",1,1,"lower"
"16570","lower order",1,1,"lower"
"16593","lower order",1,1,"lower"
"16602","lower order",1,1,"lower"
"16605","lower order",1,1,"lower"
"16611","lower order",1,1,"lower"
"16729","lower order",1,1,"lower"
"16755","lower order",1,1,"lower"
"16842","lower order",1,1,"lower"
"16865","lower order",1,1,"lower"
"16883","lower order",1,1,"lower"
"16899","lower order",1,1,"lower"
"16902","lower order",1,1,"lower"
"16903","lower order",1,1,"lower"
"16932","lower order",1,1,"lower"
"16934","lower order",1,1,"lower"
"16943","lower order",1,1,"lower"
"16969","lower order",1,1,"lower"
"16972","lower order",1,1,"lower"
"16975","lower order",1,1,"lower"
"16977","lower order",1,1,"lower"
"16988","lower order",1,1,"lower"
"17014","lower order",1,1,"lower"
"17016","lower order",1,1,"lower"
"17024","lower order",1,1,"lower"
"17032","lower order",1,1,"lower"
"17033","lower order",1,1,"lower"
"17036","lower order",1,1,"lower"
"17037","lower order",1,1,"lower"
"17039","lower order",1,1,"lower"
"17040","lower order",1,1,"lower"
"17043","lower order",1,1,"lower"
"17052","lower order",1,1,"lower"
"17053","lower order",1,1,"lower"
"17056","lower order",1,1,"lower"
"17060","lower order",1,1,"lower"
"17061","lower order",1,3,"apex"
"17061","apex",2,3,"apex"
"17062","lower order",1,1,"lower"
"17067","lower order",1,1,"lower"
"17070","lower order",1,1,"lower"
"17071","lower order",1,1,"lower"
"17072","lower order",1,1,"lower"
"17073","lower order",1,1,"lower"
"17078","lower order",1,1,"lower"
"17079","lower order",1,1,"lower"
"17085","lower order",1,1,"lower"
"17090","lower order",1,1,"lower"
"17100","lower order",1,1,"lower"
"17101","lower order",1,1,"lower"
"17102","lower order",1,1,"lower"
"17103","lower order",1,1,"lower"
"17104","lower order",1,1,"lower"
"17105","lower order",1,1,"lower"
"17106","lower order",1,1,"lower"
"17109","lower order",1,1,"lower"
"17115","apex",2,2,"apex"
"17117","lower order",1,1,"lower"
"17120","lower order",1,1,"lower"
"17121","lower order",1,1,"lower"
"17124","lower order",1,1,"lower"
"17125","lower order",1,1,"lower"
"17184","lower order",1,1,"lower"
"17185","lower order",1,1,"lower"
"17186","lower order",1,1,"lower"
"17187","lower order",1,1,"lower"
"17188","lower order",1,1,"lower"
"17189","lower order",1,1,"lower"
"17190","lower order",1,1,"lower"
"17191","lower order",1,1,"lower"
"17193","lower order",1,1,"lower"
"17195","lower order",1,1,"lower"
"17197","lower order",1,1,"lower"
"17198","lower order",1,1,"lower"
"17199","lower order",1,1,"lower"
"17200","lower order",1,1,"lower"
"17201","lower order",1,1,"lower"
"17203","lower order",1,1,"lower"
"17204","lower order",1,1,"lower"
"17205","lower order",1,1,"lower"
"17206","lower order",1,1,"lower"
"17512","lower order",1,1,"lower"
"17515","lower order",1,1,"lower"
"17516","lower order",1,1,"lower"
"17519","lower order",1,1,"lower"
"17209","lower order",1,1,"lower"
"17210","lower order",1,1,"lower"
"17211","lower order",1,1,"lower"
"17212","lower order",1,1,"lower"
"17213","lower order",1,1,"lower"
"17215","lower order",1,1,"lower"
"17216","lower order",1,1,"lower"
"17217","lower order",1,1,"lower"
"17218","lower order",1,1,"lower"
"17220","lower order",1,1,"lower"
"17521","lower order",1,1,"lower"
"17523","lower order",1,1,"lower"
"17525","lower order",1,1,"lower"
"17529","lower order",1,1,"lower"
"17546","lower order",1,1,"lower"
"17548","lower order",1,1,"lower"
"17552","lower order",1,1,"lower"
"17572","lower order",1,1,"lower"
"17577","lower order",1,1,"lower"
"17583","lower order",1,1,"lower"
"17591","lower order",1,1,"lower"
"17598","lower order",1,1,"lower"
"17617","lower order",1,1,"lower"
"17621","apex",2,2,"apex"
"17622","apex",2,2,"apex"
"17623","apex",2,3,"apex"
"17623","lower order",1,3,"apex"
"17628","apex",2,2,"apex"
"17632","lower order",1,1,"lower"
"17638","lower order",1,1,"lower"
"17640","apex",2,2,"apex"
"17644","apex",2,2,"apex"
"17648","apex",2,2,"apex"
"17650","apex",2,2,"apex"
"17651","apex",2,3,"apex"
"17651","lower order",1,3,"apex"
"17653","lower order",1,1,"lower"
"17655","apex",2,3,"apex"
"17655","lower order",1,3,"apex"
"17657","apex",2,2,"apex"
"17658","apex",2,2,"apex"
"17660","apex",2,2,"apex"
"17661","apex",2,2,"apex"
"17662","apex",2,2,"apex"
"17663","apex",2,2,"apex"
"17664","apex",2,2,"apex"
"17666","apex",2,2,"apex"
"17667","lower order",1,1,"lower"
"17668","apex",2,2,"apex"
"17669","apex",2,2,"apex"
"17671","apex",2,2,"apex"
"17672","apex",2,2,"apex"
"17673","apex",2,2,"apex"
"17674","apex",2,2,"apex"
"17675","apex",2,2,"apex"
"17676","apex",2,2,"apex"
"17677","apex",2,2,"apex"
"17678","apex",2,2,"apex"
"17679","apex",2,2,"apex"
"17680","apex",2,3,"apex"
"17680","lower order",1,3,"apex"
"17681","apex",2,2,"apex"
"17683","apex",2,2,"apex"
"17684","apex",2,2,"apex"
"17685","apex",2,2,"apex"
"17686","apex",2,2,"apex"
"17687","apex",2,2,"apex"
"17688","apex",2,2,"apex"
"17905","lower order",1,1,"lower"
"17906","lower order",1,1,"lower"
"17911","lower order",1,1,"lower"
"17915","lower order",1,1,"lower"
"17917","lower order",1,1,"lower"
"17924","lower order",1,1,"lower"
"17925","lower order",1,1,"lower"
"17926","lower order",1,1,"lower"
"17931","lower order",1,1,"lower"
"17932","lower order",1,1,"lower"
"17935","lower order",1,1,"lower"
"17937","lower order",1,1,"lower"
"17938","lower order",1,1,"lower"
"17940","lower order",1,1,"lower"
"17941","lower order",1,1,"lower"
"17942","lower order",1,1,"lower"
"17943","lower order",1,1,"lower"
"17944","lower order",1,1,"lower"
"17946","lower order",1,1,"lower"
"17949","lower order",1,1,"lower"
"17950","lower order",1,1,"lower"
"17951","lower order",1,1,"lower"
"17952","lower order",1,1,"lower"
"17953","lower order",1,1,"lower"
"17954","lower order",1,1,"lower"
"17957","lower order",1,1,"lower"
"17978","lower order",1,1,"lower"
"17979","lower order",1,1,"lower"
"17986","lower order",1,1,"lower"
"17987","lower order",1,1,"lower"
"18002","lower order",1,1,"lower"
"18026","lower order",1,1,"lower"
"18034","lower order",1,1,"lower"
"18035","lower order",1,1,"lower"
"18039","lower order",1,1,"lower"
"18040","lower order",1,1,"lower"
"18047","lower order",1,1,"lower"
"18058","lower order",1,1,"lower"
"18062","lower order",1,1,"lower"
"18066","lower order",1,1,"lower"
"18073","lower order",1,1,"lower"
"18075","lower order",1,1,"lower"
"18076","lower order",1,1,"lower"
"18085","lower order",1,1,"lower"
"18086","lower order",1,1,"lower"
"18089","lower order",1,1,"lower"
"18099","lower order",1,1,"lower"
"18103","lower order",1,1,"lower"
"18104","lower order",1,1,"lower"
"18121","lower order",1,1,"lower"
"18123","lower order",1,1,"lower"
"18125","lower order",1,1,"lower"
"18127","lower order",1,1,"lower"
"18134","lower order",1,1,"lower"
"18135","lower order",1,1,"lower"
"18137","lower order",1,1,"lower"
"18139","lower order",1,1,"lower"
"18140","lower order",1,1,"lower"
"18142","lower order",1,1,"lower"
"18143","lower order",1,1,"lower"
"18144","lower order",1,1,"lower"
"18145","lower order",1,1,"lower"
"18148","lower order",1,1,"lower"
"18149","lower order",1,1,"lower"
"18152","lower order",1,1,"lower"
"18154","lower order",1,1,"lower"
"18156","lower order",1,1,"lower"
"18157","lower order",1,1,"lower"
"18158","lower order",1,1,"lower"
"18159","lower order",1,1,"lower"
"18160","lower order",1,1,"lower"
"18161","lower order",1,1,"lower"
"18162","lower order",1,1,"lower"
"18163","lower order",1,1,"lower"
"18164","lower order",1,1,"lower"
"18165","lower order",1,1,"lower"
"18166","lower order",1,1,"lower"
"18167","lower order",1,1,"lower"
"18168","lower order",1,1,"lower"
"18172","lower order",1,1,"lower"
"18173","lower order",1,1,"lower"
"18174","lower order",1,1,"lower"
"18180","lower order",1,1,"lower"
"18181","lower order",1,1,"lower"
"18185","lower order",1,1,"lower"
"18191","lower order",1,1,"lower"
"18192","lower order",1,1,"lower"
"18193","lower order",1,1,"lower"
"18194","lower order",1,1,"lower"
"18195","lower order",1,1,"lower"
"18196","lower order",1,1,"lower"
"18201","lower order",1,1,"lower"
"18202","lower order",1,1,"lower"
"18203","lower order",1,1,"lower"
"18205","lower order",1,1,"lower"
"18208","lower order",1,1,"lower"
"18209","lower order",1,1,"lower"
"18211","lower order",1,1,"lower"
"18215","lower order",1,1,"lower"
"18220","lower order",1,1,"lower"
"18221","lower order",1,1,"lower"
"18251","lower order",1,1,"lower"
"18252","lower order",1,1,"lower"
"18263","lower order",1,1,"lower"
"18274","lower order",1,1,"lower"
"18279","lower order",1,1,"lower"
"18281","lower order",1,1,"lower"
"18426","lower order",1,1,"lower"
"18429","lower order",1,1,"lower"
"18431","lower order",1,1,"lower"
"18433","lower order",1,1,"lower"
"18440","apex",2,2,"apex"
"18449","apex",2,2,"apex"
"18462","lower order",1,1,"lower"
"18463","lower order",1,1,"lower"
"18585","apex",2,2,"apex"
"18627","apex",2,2,"apex"
"18643","apex",2,2,"apex"
"18909","lower order",1,1,"lower"
"18910","lower order",1,3,"apex"
"18910","apex",2,3,"apex"
"18911","lower order",1,3,"apex"
"18911","apex",2,3,"apex"
"18912","apex",2,2,"apex"
"18913","lower order",1,1,"lower"
"18914","lower order",1,1,"lower"
"18915","lower order",1,1,"lower"
"18916","lower order",1,3,"apex"
"18916","apex",2,3,"apex"
"18917","lower order",1,3,"apex"
"18917","apex",2,3,"apex"
"18918","lower order",1,1,"lower"
"18920","lower order",1,1,"lower"
"18921","lower order",1,1,"lower"
"18924","lower order",1,1,"lower"
"18930","lower order",1,1,"lower"
"18931","lower order",1,1,"lower"
"18932","apex",2,2,"apex"
"18933","apex",2,2,"apex"
"18934","apex",2,2,"apex"
"18935","apex",2,2,"apex"
"18941","apex",2,2,"apex"
"18942","apex",2,2,"apex"
"18943","apex",2,2,"apex"
"18944","apex",2,2,"apex"
"18945","apex",2,2,"apex"
"18946","apex",2,2,"apex"
"18949","apex",2,2,"apex"
"19076","lower order",1,1,"lower"
"19077","lower order",1,1,"lower"
"19078","lower order",1,1,"lower"
"19079","lower order",1,1,"lower"
"19080","lower order",1,1,"lower"
"19081","lower order",1,1,"lower"
"19082","lower order",1,1,"lower"
"19083","lower order",1,1,"lower"
"19084","lower order",1,1,"lower"
"19085","lower order",1,1,"lower"
"19086","lower order",1,1,"lower"
"19087","lower order",1,1,"lower"
"19088","lower order",1,1,"lower"
"19089","lower order",1,1,"lower"
"19091","lower order",1,1,"lower"
"19092","lower order",1,1,"lower"
"19093","lower order",1,1,"lower"
"19094","lower order",1,1,"lower"
"19095","lower order",1,1,"lower"
"19096","lower order",1,1,"lower"
"19098","lower order",1,1,"lower"
"19099","lower order",1,1,"lower"
"19100","lower order",1,1,"lower"
"19101","lower order",1,1,"lower"
"19102","lower order",1,1,"lower"
"19103","lower order",1,1,"lower"
"19104","lower order",1,1,"lower"
"19105","lower order",1,1,"lower"
"19106","lower order",1,1,"lower"
"19107","lower order",1,1,"lower"
"19108","lower order",1,1,"lower"
"19110","lower order",1,1,"lower"
"19111","lower order",1,1,"lower"
"19112","lower order",1,1,"lower"
"19113","lower order",1,1,"lower"
"19114","lower order",1,1,"lower"
"19115","lower order",1,1,"lower"
"19246","apex",2,2,"apex"
"19247","apex",2,2,"apex"
"19248","apex",2,2,"apex"
"19249","apex",2,2,"apex"
"19250","apex",2,2,"apex"
"19251","apex",2,2,"apex"
"19252","apex",2,2,"apex"
"19253","apex",2,2,"apex"
"19254","apex",2,2,"apex"
"19255","apex",2,2,"apex"
"19256","apex",2,2,"apex"
"19257","apex",2,2,"apex"
"19258","apex",2,2,"apex"
"19259","apex",2,2,"apex"
"19260","apex",2,2,"apex"
"19261","apex",2,2,"apex"
"19262","apex",2,2,"apex"
"19263","apex",2,2,"apex"
"19264","apex",2,2,"apex"
"19265","apex",2,2,"apex"
"19266","apex",2,2,"apex"
"19267","apex",2,2,"apex"
"19268","apex",2,2,"apex"
"19269","apex",2,2,"apex"
"19270","apex",2,2,"apex"
"19271","apex",2,2,"apex"
"19272","apex",2,2,"apex"
"19273","apex",2,2,"apex"
"19274","apex",2,2,"apex"
"19275","apex",2,2,"apex"
"19276","apex",2,2,"apex"
"19277","apex",2,2,"apex"
"19278","apex",2,2,"apex"
"19279","apex",2,2,"apex"
"19280","apex",2,2,"apex"
"19281","apex",2,2,"apex"
"19282","apex",2,2,"apex"
"19283","apex",2,2,"apex"
"19284","apex",2,2,"apex"
"19285","apex",2,2,"apex"
"19286","apex",2,2,"apex"
"19287","apex",2,2,"apex"
"19288","apex",2,2,"apex"
"19289","apex",2,2,"apex"
"19290","apex",2,2,"apex"
"19291","apex",2,2,"apex"
"19292","apex",2,2,"apex"
"19293","apex",2,2,"apex"
"19294","apex",2,2,"apex"
"19295","apex",2,2,"apex"
"19296","apex",2,2,"apex"
"19297","apex",2,2,"apex"
"19298","apex",2,2,"apex"
"19299","apex",2,2,"apex"
"19300","apex",2,2,"apex"
"19301","apex",2,2,"apex"
"19302","apex",2,2,"apex"
"19303","apex",2,2,"apex"
"19304","apex",2,2,"apex"
"19305","apex",2,2,"apex"
"19306","apex",2,2,"apex"
"19307","apex",2,2,"apex"
"19308","apex",2,2,"apex"
"19309","apex",2,2,"apex"
"19310","apex",2,2,"apex"
"19311","apex",2,2,"apex"
"19312","apex",2,2,"apex"
"19313","apex",2,2,"apex"
"19314","apex",2,2,"apex"
"19377","lower order",1,1,"lower"
"19367","lower order",1,1,"lower"
"19379","lower order",1,1,"lower"
"19378","lower order",1,1,"lower"
"19386","lower order",1,1,"lower"
"19387","lower order",1,1,"lower"
"19403","lower order",1,1,"lower"
"19413","lower order",1,1,"lower"
"19388","lower order",1,1,"lower"
"19391","lower order",1,1,"lower"
"19392","lower order",1,1,"lower"
"19393","lower order",1,1,"lower"
"19394","lower order",1,1,"lower"
"19395","lower order",1,1,"lower"
"19396","lower order",1,1,"lower"
"19397","lower order",1,1,"lower"
"19414","lower order",1,1,"lower"
"19486","lower order",1,1,"lower"
"19491","lower order",1,1,"lower"
"19492","lower order",1,1,"lower"
"19501","lower order",1,1,"lower"
"19509","lower order",1,1,"lower"
"19512","lower order",1,1,"lower"
"19513","lower order",1,1,"lower"
"19709","apex",2,2,"apex"
"19720","apex",2,2,"apex"
"19722","lower order",1,1,"lower"
"19726","lower order",1,3,"apex"
"19726","apex",2,3,"apex"
"19733","apex",2,2,"apex"
"19737","lower order",1,1,"lower"
"19738","apex",2,2,"apex"
"19739","lower order",1,1,"lower"
"19746","apex",2,2,"apex"
"19821","lower order",1,1,"lower"
"19827","lower order",1,1,"lower"
"19829","lower order",1,1,"lower"
"19837","lower order",1,1,"lower"
"19841","lower order",1,1,"lower"
"19842","lower order",1,1,"lower"
"19863","lower order",1,1,"lower"
"19865","lower order",1,1,"lower"
"19874","lower order",1,1,"lower"
"19887","lower order",1,1,"lower"
"19895","lower order",1,1,"lower"
"20445","lower order",1,1,"lower"
"20456","lower order",1,1,"lower"
"20477","lower order",1,1,"lower"
"20480","lower order",1,1,"lower"
"20484","lower order",1,1,"lower"
"20499","lower order",1,1,"lower"
"20508","lower order",1,1,"lower"
"20509","lower order",1,1,"lower"
"20511","lower order",1,1,"lower"
"20512","lower order",1,1,"lower"
"20514","lower order",1,1,"lower"
"20526","lower order",1,1,"lower"
"20527","lower order",1,1,"lower"
"20529","lower order",1,1,"lower"
"20531","lower order",1,1,"lower"
"20535","lower order",1,1,"lower"
"20547","lower order",1,1,"lower"
"20562","lower order",1,1,"lower"
"20563","lower order",1,1,"lower"
"20565","lower order",1,1,"lower"
"20566","lower order",1,1,"lower"
"20567","lower order",1,1,"lower"
"20568","lower order",1,1,"lower"
"20570","lower order",1,1,"lower"
"20573","lower order",1,1,"lower"
"20580","lower order",1,1,"lower"
"20581","lower order",1,1,"lower"
"20583","lower order",1,1,"lower"
"20591","lower order",1,1,"lower"
"20592","lower order",1,1,"lower"
"20596","lower order",1,1,"lower"
"20597","lower order",1,1,"lower"
"20600","lower order",1,1,"lower"
"20602","lower order",1,1,"lower"
"20630","lower order",1,1,"lower"
"20641","lower order",1,1,"lower"
"20646","lower order",1,1,"lower"
"20943","lower order",1,1,"lower"
"21415","lower order",1,1,"lower"
"21442","lower order",1,1,"lower"
"21455","apex",2,2,"apex"
"21457","lower order",1,1,"lower"
"21473","apex",2,2,"apex"
"21478","lower order",1,1,"lower"
"21480","apex",2,2,"apex"
"21481","apex",2,2,"apex"
"21503","lower order",1,1,"lower"
"21587","lower order",1,1,"lower"
"21597","lower order",1,1,"lower"
"21604","lower order",1,1,"lower"
"21616","lower order",1,1,"lower"
"21619","lower order",1,1,"lower"
"21620","lower order",1,1,"lower"
"21626","lower order",1,1,"lower"
"21629","lower order",1,1,"lower"
"21634","lower order",1,1,"lower"
"21636","lower order",1,1,"lower"
"21659","lower order",1,1,"lower"
"21823","lower order",1,1,"lower"
"21827","lower order",1,1,"lower"
"21869","apex",2,2,"apex"
"22267","lower order",1,1,"lower"
"22268","lower order",1,1,"lower"
"22269","lower order",1,1,"lower"
"22272","lower order",1,1,"lower"
"22274","lower order",1,1,"lower"
"22277","lower order",1,1,"lower"
"22279","lower order",1,1,"lower"
"22282","apex",2,2,"apex"
"22283","apex",2,2,"apex"
"22284","lower order",1,1,"lower"
"22289","lower order",1,1,"lower"
"22293","lower order",1,1,"lower"
"22294","lower order",1,1,"lower"
"22297","lower order",1,1,"lower"
"22309","lower order",1,1,"lower"
"22419","lower order",1,1,"lower"
"22422","lower order",1,1,"lower"
"22424","lower order",1,1,"lower"
"22426","lower order",1,1,"lower"
"22427","lower order",1,1,"lower"
"22428","lower order",1,1,"lower"
"22429","lower order",1,1,"lower"
"22430","lower order",1,1,"lower"
"22431","lower order",1,1,"lower"
"22433","lower order",1,1,"lower"
"22434","lower order",1,1,"lower"
"22435","lower order",1,1,"lower"
"22437","lower order",1,1,"lower"
"22438","apex",2,2,"apex"
"22439","lower order",1,1,"lower"
"22442","apex",2,2,"apex"
"22444","lower order",1,1,"lower"
"22446","apex",2,2,"apex"
"22447","apex",2,2,"apex"
"22455","apex",2,2,"apex"
"22456","lower order",1,1,"lower"
"22458","lower order",1,1,"lower"
"22460","lower order",1,1,"lower"
"22461","lower order",1,1,"lower"
"22464","lower order",1,1,"lower"
"23173","lower order",1,1,"lower"
"22519","lower order",1,1,"lower"
"22521","lower order",1,1,"lower"
"22524","lower order",1,1,"lower"
"22528","lower order",1,1,"lower"
"22532","lower order",1,1,"lower"
"22536","lower order",1,1,"lower"
"22556","lower order",1,1,"lower"
"22566","lower order",1,1,"lower"
"22575","lower order",1,1,"lower"
"22577","lower order",1,1,"lower"
"22583","lower order",1,1,"lower"
"22584","lower order",1,1,"lower"
"22594","lower order",1,1,"lower"
"22616","apex",2,2,"apex"
"22621","lower order",1,1,"lower"
"22622","lower order",1,1,"lower"
"22625","lower order",1,1,"lower"
"22627","lower order",1,1,"lower"
"22629","lower order",1,1,"lower"
"22637","lower order",1,1,"lower"
"22638","lower order",1,1,"lower"
"22639","lower order",1,1,"lower"
"22640","lower order",1,1,"lower"
"22642","lower order",1,1,"lower"
"22650","lower order",1,1,"lower"
"22651","lower order",1,1,"lower"
"22654","lower order",1,1,"lower"
"22656","lower order",1,1,"lower"
"22659","lower order",1,1,"lower"
"22660","lower order",1,1,"lower"
"22662","apex",2,2,"apex"
"22663","apex",2,2,"apex"
"22664","apex",2,2,"apex"
"22684","lower order",1,1,"lower"
"22686","lower order",1,1,"lower"
"22695","lower order",1,1,"lower"
"22697","lower order",1,1,"lower"
"22700","apex",2,2,"apex"
"22710","lower order",1,1,"lower"
"22712","lower order",1,1,"lower"
"22713","lower order",1,3,"apex"
"22713","apex",2,3,"apex"
"22714","lower order",1,1,"lower"
"22719","lower order",1,1,"lower"
"22720","lower order",1,1,"lower"
"22721","lower order",1,1,"lower"
"22729","lower order",1,1,"lower"
"22734","lower order",1,1,"lower"
"22736","lower order",1,1,"lower"
"22741","lower order",1,1,"lower"
"22742","lower order",1,1,"lower"
"22743","lower order",1,3,"apex"
"22743","apex",2,3,"apex"
"22746","lower order",1,1,"lower"
"22748","lower order",1,1,"lower"
"22752","lower order",1,1,"lower"
"22763","apex",2,2,"apex"
"22764","apex",2,2,"apex"
"22765","lower order",1,3,"apex"
"22765","apex",2,3,"apex"
"22767","lower order",1,1,"lower"
"22769","lower order",1,1,"lower"
"22777","lower order",1,1,"lower"
"22778","lower order",1,1,"lower"
"22781","lower order",1,1,"lower"
"22782","lower order",1,1,"lower"
"22783","lower order",1,1,"lower"
"22786","lower order",1,1,"lower"
"22787","lower order",1,3,"apex"
"22787","apex",2,3,"apex"
"22794","lower order",1,1,"lower"
"22795","lower order",1,1,"lower"
"22796","lower order",1,1,"lower"
"22797","lower order",1,1,"lower"
"22801","lower order",1,1,"lower"
"22802","lower order",1,1,"lower"
"22803","lower order",1,1,"lower"
"22805","lower order",1,1,"lower"
"22807","lower order",1,1,"lower"
"22809","lower order",1,1,"lower"
"22810","lower order",1,3,"apex"
"22810","apex",2,3,"apex"
"22816","lower order",1,1,"lower"
"22817","lower order",1,1,"lower"
"22818","lower order",1,1,"lower"
"22823","lower order",1,1,"lower"
"22824","lower order",1,1,"lower"
"22827","lower order",1,1,"lower"
"22831","lower order",1,1,"lower"
"22835","lower order",1,1,"lower"
"22836","lower order",1,1,"lower"
"22837","lower order",1,1,"lower"
"22839","lower order",1,1,"lower"
"22842","lower order",1,3,"apex"
"22842","apex",2,3,"apex"
"22844","lower order",1,3,"apex"
"22844","apex",2,3,"apex"
"22857","lower order",1,1,"lower"
"22859","lower order",1,1,"lower"
"22863","apex",2,2,"apex"
"22868","lower order",1,1,"lower"
"22872","lower order",1,1,"lower"
"22874","lower order",1,1,"lower"
"22875","lower order",1,1,"lower"
"22877","lower order",1,3,"apex"
"22877","apex",2,3,"apex"
"22878","lower order",1,1,"lower"
"22879","lower order",1,1,"lower"
"22882","lower order",1,1,"lower"
"22885","apex",2,2,"apex"
"22889","lower order",1,1,"lower"
"22890","lower order",1,3,"apex"
"22890","apex",2,3,"apex"
"22891","lower order",1,3,"apex"
"22891","apex",2,3,"apex"
"22892","lower order",1,1,"lower"
"22894","lower order",1,1,"lower"
"22896","lower order",1,1,"lower"
"22911","apex",2,2,"apex"
"22923","lower order",1,1,"lower"
"22924","lower order",1,1,"lower"
"22929","lower order",1,1,"lower"
"22934","lower order",1,1,"lower"
"22943","lower order",1,1,"lower"
"22945","lower order",1,1,"lower"
"22948","lower order",1,1,"lower"
"22951","lower order",1,1,"lower"
"22953","lower order",1,1,"lower"
"22954","lower order",1,1,"lower"
"22974","apex",2,2,"apex"
"22978","apex",2,2,"apex"
"22988","apex",2,2,"apex"
"22995","lower order",1,1,"lower"
"22998","lower order",1,1,"lower"
"22999","lower order",1,1,"lower"
"23000","lower order",1,1,"lower"
"23003","lower order",1,1,"lower"
"23006","lower order",1,1,"lower"
"23007","lower order",1,1,"lower"
"23010","lower order",1,3,"apex"
"23010","apex",2,3,"apex"
"23011","lower order",1,1,"lower"
"23012","lower order",1,1,"lower"
"23014","lower order",1,1,"lower"
"23015","lower order",1,1,"lower"
"23016","lower order",1,1,"lower"
"23017","lower order",1,1,"lower"
"23018","lower order",1,1,"lower"
"23020","lower order",1,1,"lower"
"23021","lower order",1,1,"lower"
"23022","lower order",1,1,"lower"
"23023","lower order",1,1,"lower"
"23024","lower order",1,1,"lower"
"23025","lower order",1,1,"lower"
"23026","lower order",1,1,"lower"
"23027","lower order",1,1,"lower"
"23029","lower order",1,1,"lower"
"23030","lower order",1,1,"lower"
"23039","lower order",1,1,"lower"
"23041","lower order",1,1,"lower"
"23042","lower order",1,1,"lower"
"23043","lower order",1,1,"lower"
"23044","lower order",1,1,"lower"
"23046","lower order",1,1,"lower"
"23047","lower order",1,1,"lower"
"23048","lower order",1,1,"lower"
"23050","lower order",1,1,"lower"
"23051","lower order",1,1,"lower"
"23052","lower order",1,1,"lower"
"23053","lower order",1,1,"lower"
"23057","lower order",1,1,"lower"
"23061","lower order",1,1,"lower"
"23062","lower order",1,1,"lower"
"23063","lower order",1,1,"lower"
"23064","lower order",1,1,"lower"
"23065","lower order",1,1,"lower"
"23068","lower order",1,1,"lower"
"23069","lower order",1,1,"lower"
"23071","lower order",1,1,"lower"
"23076","lower order",1,1,"lower"
"23077","lower order",1,1,"lower"
"23078","lower order",1,1,"lower"
"23079","lower order",1,1,"lower"
"23083","lower order",1,1,"lower"
"23084","lower order",1,1,"lower"
"23085","lower order",1,1,"lower"
"23086","lower order",1,1,"lower"
"23087","lower order",1,1,"lower"
"23088","lower order",1,1,"lower"
"23089","lower order",1,1,"lower"
"23090","lower order",1,1,"lower"
"23091","lower order",1,1,"lower"
"23095","lower order",1,1,"lower"
"23096","lower order",1,1,"lower"
"23097","lower order",1,1,"lower"
"23099","lower order",1,1,"lower"
"23101","lower order",1,1,"lower"
"23102","lower order",1,1,"lower"
"23106","lower order",1,1,"lower"
"23107","lower order",1,1,"lower"
"23108","lower order",1,1,"lower"
"23109","lower order",1,1,"lower"
"23112","lower order",1,1,"lower"
"23118","lower order",1,1,"lower"
"23119","lower order",1,1,"lower"
"23121","lower order",1,1,"lower"
"23122","lower order",1,1,"lower"
"23123","lower order",1,1,"lower"
"23124","lower order",1,1,"lower"
"23125","lower order",1,1,"lower"
"23126","lower order",1,1,"lower"
"23127","lower order",1,1,"lower"
"23128","lower order",1,1,"lower"
"23129","lower order",1,1,"lower"
"23130","lower order",1,1,"lower"
"23132","lower order",1,1,"lower"
"23134","lower order",1,1,"lower"
"23136","lower order",1,3,"apex"
"23136","apex",2,3,"apex"
"23138","lower order",1,1,"lower"
"23143","lower order",1,1,"lower"
"23144","lower order",1,1,"lower"
"23145","lower order",1,1,"lower"
"23146","lower order",1,1,"lower"
"23149","lower order",1,1,"lower"
"23152","lower order",1,1,"lower"
"23153","lower order",1,1,"lower"
"23155","lower order",1,1,"lower"
"23159","lower order",1,1,"lower"
"23160","lower order",1,1,"lower"
"23161","lower order",1,1,"lower"
"23163","lower order",1,1,"lower"
"23166","lower order",1,1,"lower"
"23167","lower order",1,1,"lower"
"23168","lower order",1,1,"lower"
"23170","lower order",1,1,"lower"
"23171","lower order",1,1,"lower"
"23172","lower order",1,1,"lower"
"23174","lower order",1,1,"lower"
"23175","lower order",1,1,"lower"
"23176","lower order",1,1,"lower"
"23179","lower order",1,1,"lower"
"23180","lower order",1,1,"lower"
"23183","lower order",1,1,"lower"
"23184","lower order",1,1,"lower"
"23185","lower order",1,1,"lower"
"23187","lower order",1,1,"lower"
"23189","lower order",1,1,"lower"
"23190","lower order",1,1,"lower"
"23191","lower order",1,1,"lower"
"23193","lower order",1,1,"lower"
"23195","lower order",1,1,"lower"
"23197","lower order",1,1,"lower"
"23198","lower order",1,1,"lower"
"23200","lower order",1,1,"lower"
"23201","lower order",1,1,"lower"
"23202","lower order",1,1,"lower"
"23203","lower order",1,1,"lower"
"23204","lower order",1,1,"lower"
"23205","lower order",1,1,"lower"
"23206","lower order",1,1,"lower"
"23209","lower order",1,1,"lower"
"23210","lower order",1,1,"lower"
"23211","lower order",1,1,"lower"
"23212","lower order",1,1,"lower"
"23213","lower order",1,1,"lower"
"23214","lower order",1,1,"lower"
"23215","lower order",1,1,"lower"
"23220","lower order",1,1,"lower"
"23221","lower order",1,1,"lower"
"23222","lower order",1,1,"lower"
"23223","lower order",1,1,"lower"
"23224","lower order",1,1,"lower"
"23225","lower order",1,1,"lower"
"23226","lower order",1,1,"lower"
"23228","lower order",1,1,"lower"
"23229","lower order",1,1,"lower"
"23230","lower order",1,1,"lower"
"23231","lower order",1,1,"lower"
"23232","lower order",1,1,"lower"
"23235","lower order",1,1,"lower"
"23236","lower order",1,1,"lower"
"23237","lower order",1,1,"lower"
"23238","lower order",1,1,"lower"
"23240","lower order",1,1,"lower"
"23241","lower order",1,1,"lower"
"23242","lower order",1,1,"lower"
"23243","lower order",1,1,"lower"
"23244","lower order",1,1,"lower"
"23245","lower order",1,1,"lower"
"23248","lower order",1,1,"lower"
"23249","lower order",1,1,"lower"
"23250","lower order",1,1,"lower"
"23251","lower order",1,1,"lower"
"23252","lower order",1,1,"lower"
"23253","lower order",1,1,"lower"
"23254","lower order",1,1,"lower"
"23255","lower order",1,1,"lower"
"23256","lower order",1,1,"lower"
"23257","lower order",1,1,"lower"
"23258","lower order",1,1,"lower"
"23260","lower order",1,1,"lower"
"23261","lower order",1,1,"lower"
"23263","lower order",1,1,"lower"
"23264","lower order",1,1,"lower"
"23266","lower order",1,1,"lower"
"23267","lower order",1,1,"lower"
"23268","lower order",1,1,"lower"
"23269","lower order",1,1,"lower"
"23270","lower order",1,1,"lower"
"23271","lower order",1,1,"lower"
"23272","lower order",1,1,"lower"
"23273","lower order",1,1,"lower"
"23276","lower order",1,1,"lower"
"23277","lower order",1,1,"lower"
"23278","lower order",1,1,"lower"
"23279","lower order",1,1,"lower"
"23280","lower order",1,1,"lower"
"23281","lower order",1,1,"lower"
"23282","lower order",1,1,"lower"
"23284","lower order",1,1,"lower"
"23285","lower order",1,1,"lower"
"23287","lower order",1,1,"lower"
"23288","lower order",1,1,"lower"
"23289","lower order",1,1,"lower"
"23291","lower order",1,1,"lower"
"23292","lower order",1,1,"lower"
"23294","lower order",1,1,"lower"
"23295","lower order",1,1,"lower"
"23297","lower order",1,1,"lower"
"23298","lower order",1,1,"lower"
"23299","lower order",1,1,"lower"
"23300","lower order",1,3,"apex"
"23300","apex",2,3,"apex"
"23301","lower order",1,1,"lower"
"23302","lower order",1,1,"lower"
"23303","lower order",1,1,"lower"
"23304","lower order",1,1,"lower"
"23305","lower order",1,1,"lower"
"23307","lower order",1,1,"lower"
"23308","lower order",1,1,"lower"
"23309","lower order",1,1,"lower"
"23310","lower order",1,1,"lower"
"23311","lower order",1,1,"lower"
"23312","lower order",1,1,"lower"
"23314","lower order",1,1,"lower"
"23315","lower order",1,1,"lower"
"23316","lower order",1,1,"lower"
"23317","lower order",1,1,"lower"
"23318","lower order",1,1,"lower"
"23319","lower order",1,1,"lower"
"23320","lower order",1,1,"lower"
"23321","lower order",1,1,"lower"
"23323","lower order",1,1,"lower"
"23324","lower order",1,1,"lower"
"23326","lower order",1,1,"lower"
"23327","lower order",1,1,"lower"
"23328","lower order",1,1,"lower"
"23329","lower order",1,1,"lower"
"23330","lower order",1,1,"lower"
"23331","lower order",1,1,"lower"
"23332","lower order",1,1,"lower"
"23333","lower order",1,1,"lower"
"23334","lower order",1,1,"lower"
"23335","lower order",1,1,"lower"
"23339","lower order",1,1,"lower"
"23340","lower order",1,1,"lower"
"23341","lower order",1,1,"lower"
"23342","lower order",1,1,"lower"
"23343","lower order",1,1,"lower"
"23344","lower order",1,1,"lower"
"23345","lower order",1,1,"lower"
"23346","lower order",1,1,"lower"
"23349","lower order",1,1,"lower"
"23350","lower order",1,1,"lower"
"23351","lower order",1,1,"lower"
"23352","lower order",1,1,"lower"
"23356","lower order",1,1,"lower"
"23357","lower order",1,1,"lower"
"23359","lower order",1,1,"lower"
"23361","lower order",1,1,"lower"
"23369","lower order",1,1,"lower"
"23372","lower order",1,1,"lower"
"23375","lower order",1,1,"lower"
"23376","lower order",1,1,"lower"
"23378","lower order",1,1,"lower"
"23379","lower order",1,1,"lower"
"23380","lower order",1,1,"lower"
"23383","lower order",1,1,"lower"
"23389","lower order",1,1,"lower"
"23392","lower order",1,1,"lower"
"23393","lower order",1,1,"lower"
"23400","lower order",1,1,"lower"
"23405","lower order",1,1,"lower"
"23407","lower order",1,1,"lower"
"23425","lower order",1,1,"lower"
"23429","lower order",1,1,"lower"
"23433","lower order",1,1,"lower"
"23435","lower order",1,1,"lower"
"23438","lower order",1,1,"lower"
"23439","lower order",1,1,"lower"
"23440","lower order",1,1,"lower"
"23442","lower order",1,1,"lower"
"23443","lower order",1,1,"lower"
"23444","lower order",1,1,"lower"
"23446","lower order",1,1,"lower"
"23447","lower order",1,1,"lower"
"23448","lower order",1,1,"lower"
"23449","lower order",1,1,"lower"
"23454","lower order",1,1,"lower"
"23457","lower order",1,1,"lower"
"23459","lower order",1,1,"lower"
"23462","lower order",1,1,"lower"
"23463","lower order",1,1,"lower"
"23466","lower order",1,1,"lower"
"23470","lower order",1,1,"lower"
"23471","lower order",1,1,"lower"
"23473","lower order",1,1,"lower"
"23481","lower order",1,1,"lower"
"23485","lower order",1,1,"lower"
"23486","lower order",1,1,"lower"
"23490","lower order",1,1,"lower"
"23496","lower order",1,1,"lower"
"23497","lower order",1,1,"lower"
"23511","lower order",1,1,"lower"
"23514","lower order",1,1,"lower"
"23516","lower order",1,3,"apex"
"23516","apex",2,3,"apex"
"23517","lower order",1,3,"apex"
"23517","apex",2,3,"apex"
"23525","lower order",1,1,"lower"
"23530","lower order",1,1,"lower"
"23535","lower order",1,1,"lower"
"23546","lower order",1,1,"lower"
"23548","lower order",1,1,"lower"
"23551","lower order",1,1,"lower"
"23552","lower order",1,1,"lower"
"23554","lower order",1,1,"lower"
"23556","lower order",1,1,"lower"
"23557","lower order",1,1,"lower"
"23558","lower order",1,1,"lower"
"23561","lower order",1,1,"lower"
"23571","lower order",1,1,"lower"
"23575","lower order",1,1,"lower"
"23576","lower order",1,1,"lower"
"23589","lower order",1,1,"lower"
"23600","lower order",1,1,"lower"
"23603","lower order",1,1,"lower"
"23606","lower order",1,1,"lower"
"23607","lower order",1,3,"apex"
"23607","apex",2,3,"apex"
"23608","lower order",1,3,"apex"
"23608","apex",2,3,"apex"
"23613","lower order",1,1,"lower"
"23614","lower order",1,1,"lower"
"23622","lower order",1,1,"lower"
"23627","lower order",1,1,"lower"
"23628","lower order",1,1,"lower"
"23629","lower order",1,1,"lower"
"23630","lower order",1,1,"lower"
"23631","lower order",1,1,"lower"
"23633","lower order",1,1,"lower"
"23634","lower order",1,1,"lower"
"23635","lower order",1,1,"lower"
"23636","lower order",1,1,"lower"
"23637","lower order",1,1,"lower"
"23638","lower order",1,1,"lower"
"23641","lower order",1,1,"lower"
"23643","lower order",1,1,"lower"
"23644","lower order",1,1,"lower"
"23647","lower order",1,1,"lower"
"23648","lower order",1,1,"lower"
"23649","lower order",1,1,"lower"
"23651","lower order",1,1,"lower"
"23653","lower order",1,1,"lower"
"23656","lower order",1,1,"lower"
"23657","lower order",1,1,"lower"
"23671","lower order",1,1,"lower"
"23675","lower order",1,1,"lower"
"23680","lower order",1,1,"lower"
"23681","lower order",1,1,"lower"
"23682","lower order",1,1,"lower"
"23683","lower order",1,1,"lower"
"23684","lower order",1,1,"lower"
"23685","lower order",1,1,"lower"
"23686","lower order",1,1,"lower"
"23690","lower order",1,1,"lower"
"23695","lower order",1,1,"lower"
"23696","lower order",1,1,"lower"
"23697","lower order",1,1,"lower"
"23698","lower order",1,1,"lower"
"23702","lower order",1,1,"lower"
"23705","lower order",1,1,"lower"
"23707","lower order",1,1,"lower"
"23713","lower order",1,1,"lower"
"23716","lower order",1,1,"lower"
"23717","lower order",1,1,"lower"
"23727","lower order",1,1,"lower"
"23728","lower order",1,1,"lower"
"23736","lower order",1,1,"lower"
"23737","lower order",1,1,"lower"
"23739","lower order",1,1,"lower"
"23740","lower order",1,1,"lower"
"23742","lower order",1,1,"lower"
"23745","lower order",1,1,"lower"
"23746","lower order",1,1,"lower"
"23747","lower order",1,1,"lower"
"23750","lower order",1,1,"lower"
"23751","lower order",1,1,"lower"
"23752","lower order",1,1,"lower"
"23754","lower order",1,1,"lower"
"23755","lower order",1,1,"lower"
"23946","lower order",1,1,"lower"
"23947","lower order",1,1,"lower"
"23949","lower order",1,1,"lower"
"23950","lower order",1,1,"lower"
"23954","lower order",1,1,"lower"
"23959","lower order",1,1,"lower"
"23960","lower order",1,1,"lower"
"23962","lower order",1,1,"lower"
"23963","lower order",1,1,"lower"
"23964","lower order",1,1,"lower"
"23969","lower order",1,1,"lower"
"23970","lower order",1,1,"lower"
"23972","lower order",1,1,"lower"
"23973","lower order",1,1,"lower"
"23976","lower order",1,1,"lower"
"23978","lower order",1,1,"lower"
"23980","lower order",1,1,"lower"
"23982","lower order",1,1,"lower"
"23984","lower order",1,1,"lower"
"23985","lower order",1,1,"lower"
"23986","lower order",1,1,"lower"
"23991","lower order",1,1,"lower"
"23992","lower order",1,1,"lower"
"23995","lower order",1,1,"lower"
"23997","lower order",1,1,"lower"
"23998","lower order",1,3,"apex"
"23998","apex",2,3,"apex"
"23999","lower order",1,3,"apex"
"23999","apex",2,3,"apex"
"24000","lower order",1,1,"lower"
"24002","lower order",1,1,"lower"
"24003","lower order",1,1,"lower"
"24006","lower order",1,1,"lower"
"24008","lower order",1,1,"lower"
"24009","lower order",1,3,"apex"
"24009","apex",2,3,"apex"
"24017","lower order",1,1,"lower"
"24019","lower order",1,1,"lower"
"24020","lower order",1,1,"lower"
"24023","lower order",1,1,"lower"
"24027","lower order",1,1,"lower"
"24028","lower order",1,1,"lower"
"24029","lower order",1,1,"lower"
"24032","lower order",1,1,"lower"
"24033","lower order",1,1,"lower"
"24034","lower order",1,1,"lower"
"24040","lower order",1,1,"lower"
"24047","lower order",1,1,"lower"
"24050","lower order",1,1,"lower"
"24051","lower order",1,1,"lower"
"24053","lower order",1,1,"lower"
"24054","lower order",1,1,"lower"
"24058","lower order",1,1,"lower"
"24059","lower order",1,1,"lower"
"24060","lower order",1,1,"lower"
"24062","lower order",1,1,"lower"
"24063","lower order",1,1,"lower"
"24064","lower order",1,1,"lower"
"24066","lower order",1,1,"lower"
"24068","lower order",1,1,"lower"
"24069","lower order",1,1,"lower"
"24070","lower order",1,1,"lower"
"24071","lower order",1,1,"lower"
"24072","lower order",1,1,"lower"
"24077","lower order",1,1,"lower"
"24081","lower order",1,1,"lower"
"24084","lower order",1,1,"lower"
"24086","lower order",1,1,"lower"
"24087","lower order",1,1,"lower"
"24089","lower order",1,1,"lower"
"24096","lower order",1,1,"lower"
"24098","lower order",1,1,"lower"
"24101","lower order",1,1,"lower"
"24105","lower order",1,1,"lower"
"24107","lower order",1,1,"lower"
"24108","lower order",1,1,"lower"
"24109","lower order",1,1,"lower"
"24110","lower order",1,1,"lower"
"24111","lower order",1,1,"lower"
"24112","lower order",1,1,"lower"
"24114","lower order",1,1,"lower"
"24116","lower order",1,1,"lower"
"24117","lower order",1,1,"lower"
"24118","lower order",1,1,"lower"
"24119","lower order",1,1,"lower"
"24121","lower order",1,1,"lower"
"24122","lower order",1,1,"lower"
"24123","lower order",1,1,"lower"
"24127","lower order",1,1,"lower"
"24128","lower order",1,1,"lower"
"24129","lower order",1,1,"lower"
"24130","lower order",1,1,"lower"
"24133","lower order",1,1,"lower"
"24134","lower order",1,1,"lower"
"24136","lower order",1,1,"lower"
"24137","lower order",1,1,"lower"
"24138","lower order",1,3,"apex"
"24138","apex",2,3,"apex"
"24140","lower order",1,1,"lower"
"24141","lower order",1,1,"lower"
"24142","lower order",1,1,"lower"
"24143","lower order",1,1,"lower"
"24145","lower order",1,1,"lower"
"24146","lower order",1,1,"lower"
"24147","lower order",1,1,"lower"
"24149","lower order",1,1,"lower"
"24151","lower order",1,1,"lower"
"24152","lower order",1,1,"lower"
"24153","lower order",1,1,"lower"
"24162","lower order",1,1,"lower"
"24165","lower order",1,1,"lower"
"24170","lower order",1,1,"lower"
"24176","apex",2,2,"apex"
"24177","lower order",1,1,"lower"
"24180","lower order",1,1,"lower"
"24184","lower order",1,1,"lower"
"24185","lower order",1,1,"lower"
"24187","lower order",1,1,"lower"
"24189","lower order",1,1,"lower"
"24190","lower order",1,1,"lower"
"24191","lower order",1,1,"lower"
"24192","lower order",1,1,"lower"
"24193","lower order",1,1,"lower"
"24197","lower order",1,1,"lower"
"24209","lower order",1,1,"lower"
"24221","apex",2,2,"apex"
"24225","lower order",1,1,"lower"
"24227","lower order",1,1,"lower"
"24229","lower order",1,1,"lower"
"24231","lower order",1,1,"lower"
"24236","lower order",1,3,"apex"
"24236","apex",2,3,"apex"
"24241","apex",2,2,"apex"
"24255","apex",2,2,"apex"
"24261","lower order",1,1,"lower"
"24281","apex",2,2,"apex"
"24288","apex",2,2,"apex"
"24296","lower order",1,1,"lower"
"24329","lower order",1,1,"lower"
"24330","apex",2,2,"apex"
"24340","lower order",1,1,"lower"
"24352","apex",2,2,"apex"
"24360","apex",2,2,"apex"
"24373","apex",2,2,"apex"
"24384","lower order",1,1,"lower"
"24385","lower order",1,1,"lower"
"24387","lower order",1,1,"lower"
"24413","lower order",1,1,"lower"
"24414","lower order",1,1,"lower"
"24419","lower order",1,1,"lower"
"24422","lower order",1,1,"lower"
"24423","lower order",1,1,"lower"
"24424","lower order",1,1,"lower"
"24425","lower order",1,1,"lower"
"24427","lower order",1,1,"lower"
"24429","lower order",1,1,"lower"
"24430","lower order",1,1,"lower"
"24432","lower order",1,1,"lower"
"24433","lower order",1,1,"lower"
"24434","lower order",1,1,"lower"
"24435","lower order",1,1,"lower"
"24436","lower order",1,1,"lower"
"24437","lower order",1,1,"lower"
"24438","lower order",1,1,"lower"
"24439","lower order",1,1,"lower"
"24440","lower order",1,1,"lower"
"24442","lower order",1,1,"lower"
"24444","lower order",1,1,"lower"
"24445","lower order",1,1,"lower"
"24447","lower order",1,1,"lower"
"24451","lower order",1,1,"lower"
"24455","lower order",1,1,"lower"
"24460","lower order",1,1,"lower"
"24466","lower order",1,1,"lower"
"24467","lower order",1,1,"lower"
"24468","lower order",1,1,"lower"
"24469","lower order",1,1,"lower"
"24471","lower order",1,1,"lower"
"24472","lower order",1,1,"lower"
"24473","lower order",1,1,"lower"
"24474","lower order",1,1,"lower"
"24475","lower order",1,1,"lower"
"24476","lower order",1,1,"lower"
"24477","lower order",1,1,"lower"
"24482","lower order",1,1,"lower"
"24484","lower order",1,1,"lower"
"24487","lower order",1,1,"lower"
"24488","lower order",1,1,"lower"
"24490","lower order",1,1,"lower"
"24491","lower order",1,1,"lower"
"24495","apex",2,2,"apex"
"24643","lower order",1,1,"lower"
"24498","lower order",1,1,"lower"
"24499","lower order",1,1,"lower"
"24500","lower order",1,1,"lower"
"24501","lower order",1,1,"lower"
"24504","lower order",1,1,"lower"
"24505","lower order",1,1,"lower"
"24508","lower order",1,1,"lower"
"24516","lower order",1,1,"lower"
"24519","lower order",1,1,"lower"
"24522","lower order",1,1,"lower"
"24528","lower order",1,1,"lower"
"24629","lower order",1,1,"lower"
"24647","lower order",1,1,"lower"
"24651","lower order",1,1,"lower"
"24658","apex",2,2,"apex"
"24661","lower order",1,1,"lower"
"24665","lower order",1,1,"lower"
"24666","lower order",1,1,"lower"
"24668","lower order",1,1,"lower"
"24669","lower order",1,1,"lower"
"24670","lower order",1,1,"lower"
"24671","lower order",1,1,"lower"
"24672","lower order",1,3,"apex"
"24672","apex",2,3,"apex"
"24673","lower order",1,1,"lower"
"24674","lower order",1,1,"lower"
"24677","lower order",1,1,"lower"
"24678","lower order",1,1,"lower"
"24680","lower order",1,1,"lower"
"24681","lower order",1,1,"lower"
"24682","lower order",1,1,"lower"
"24684","lower order",1,1,"lower"
"24686","lower order",1,1,"lower"
"24687","lower order",1,1,"lower"
"24690","lower order",1,1,"lower"
"24692","lower order",1,1,"lower"
"24694","lower order",1,1,"lower"
"24695","lower order",1,1,"lower"
"24698","lower order",1,1,"lower"
"24699","lower order",1,1,"lower"
"24701","apex",2,2,"apex"
"24709","lower order",1,1,"lower"
"24717","lower order",1,3,"apex"
"24717","apex",2,3,"apex"
"24726","lower order",1,3,"apex"
"24726","apex",2,3,"apex"
"24730","lower order",1,1,"lower"
"24758","lower order",1,1,"lower"
"24759","lower order",1,1,"lower"
"24808","lower order",1,1,"lower"
"24973","lower order",1,1,"lower"
"24982","lower order",1,1,"lower"
"24993","lower order",1,1,"lower"
"24995","lower order",1,1,"lower"
"25051","lower order",1,1,"lower"
"25055","lower order",1,1,"lower"
"25059","lower order",1,3,"apex"
"25059","apex",2,3,"apex"
"25060","apex",2,2,"apex"
"25066","lower order",1,1,"lower"
"25068","apex",2,2,"apex"
"25074","lower order",1,1,"lower"
"25078","lower order",1,1,"lower"
"25079","lower order",1,1,"lower"
"25080","lower order",1,1,"lower"
"25081","lower order",1,1,"lower"
"25082","lower order",1,1,"lower"
"25084","apex",2,2,"apex"
"25089","apex",2,2,"apex"
"25093","lower order",1,1,"lower"
"25094","lower order",1,1,"lower"
"25096","lower order",1,1,"lower"
"25097","lower order",1,1,"lower"
"25098","lower order",1,1,"lower"
"25099","lower order",1,1,"lower"
"25102","lower order",1,1,"lower"
"25103","lower order",1,1,"lower"
"25107","lower order",1,1,"lower"
"25108","lower order",1,1,"lower"
"25111","lower order",1,1,"lower"
"25119","lower order",1,1,"lower"
"25121","lower order",1,1,"lower"
"25126","lower order",1,1,"lower"
"25127","lower order",1,1,"lower"
"25130","lower order",1,1,"lower"
"25131","lower order",1,1,"lower"
"25144","apex",2,2,"apex"
"25147","lower order",1,1,"lower"
"25151","apex",2,2,"apex"
"25158","lower order",1,1,"lower"
"25159","lower order",1,1,"lower"
"25166","lower order",1,1,"lower"
"25167","lower order",1,1,"lower"
"25173","lower order",1,1,"lower"
"25175","lower order",1,1,"lower"
"25179","lower order",1,1,"lower"
"25180","lower order",1,1,"lower"
"25182","lower order",1,1,"lower"
"25185","lower order",1,1,"lower"
"25189","lower order",1,1,"lower"
"25191","lower order",1,1,"lower"
"25195","lower order",1,1,"lower"
"25196","lower order",1,1,"lower"
"25199","lower order",1,1,"lower"
"25200","lower order",1,1,"lower"
"25201","lower order",1,1,"lower"
"25204","lower order",1,1,"lower"
"25206","lower order",1,1,"lower"
"25210","lower order",1,1,"lower"
"25212","lower order",1,1,"lower"
"25215","lower order",1,1,"lower"
"25217","lower order",1,1,"lower"
"25218","lower order",1,1,"lower"
"25224","lower order",1,1,"lower"
"25225","lower order",1,1,"lower"
"25226","lower order",1,1,"lower"
"25229","lower order",1,1,"lower"
"25235","lower order",1,1,"lower"
"25237","lower order",1,1,"lower"
"25238","lower order",1,1,"lower"
"25241","lower order",1,1,"lower"
"25245","lower order",1,1,"lower"
"25248","lower order",1,1,"lower"
"25250","lower order",1,1,"lower"
"25251","lower order",1,1,"lower"
"25253","lower order",1,1,"lower"
"25255","lower order",1,1,"lower"
"25257","lower order",1,1,"lower"
"25258","lower order",1,1,"lower"
"25259","lower order",1,1,"lower"
"25263","lower order",1,1,"lower"
"25265","lower order",1,1,"lower"
"25268","lower order",1,1,"lower"
"25270","lower order",1,1,"lower"
"25272","lower order",1,1,"lower"
"25273","lower order",1,1,"lower"
"25274","lower order",1,1,"lower"
"25277","lower order",1,1,"lower"
"25286","lower order",1,1,"lower"
"25287","lower order",1,1,"lower"
"25290","lower order",1,1,"lower"
"25292","lower order",1,1,"lower"
"25295","lower order",1,1,"lower"
"25300","lower order",1,1,"lower"
"25301","lower order",1,1,"lower"
"25302","lower order",1,1,"lower"
"25303","lower order",1,1,"lower"
"25305","lower order",1,1,"lower"
"25306","lower order",1,1,"lower"
"25308","lower order",1,1,"lower"
"25310","lower order",1,1,"lower"
"25313","lower order",1,1,"lower"
"25314","lower order",1,1,"lower"
"25316","lower order",1,1,"lower"
"25317","lower order",1,1,"lower"
"25318","lower order",1,1,"lower"
"25320","lower order",1,1,"lower"
"25324","lower order",1,1,"lower"
"25325","lower order",1,1,"lower"
"25327","lower order",1,1,"lower"
"25328","lower order",1,1,"lower"
"25329","lower order",1,1,"lower"
"25331","lower order",1,1,"lower"
"25333","lower order",1,1,"lower"
"25335","lower order",1,1,"lower"
"25336","lower order",1,1,"lower"
"25337","lower order",1,1,"lower"
"25338","lower order",1,1,"lower"
"25340","lower order",1,1,"lower"
"25341","lower order",1,1,"lower"
"25349","lower order",1,1,"lower"
"25353","lower order",1,1,"lower"
"25354","lower order",1,1,"lower"
"25357","lower order",1,1,"lower"
"25377","lower order",1,1,"lower"
"25388","lower order",1,1,"lower"
"25402","apex",2,2,"apex"
"25412","lower order",1,1,"lower"
"25418","lower order",1,1,"lower"
"25421","lower order",1,1,"lower"
"25422","lower order",1,1,"lower"
"25431","lower order",1,1,"lower"
"25432","lower order",1,1,"lower"
"25444","lower order",1,1,"lower"
"25449","lower order",1,1,"lower"
"25453","lower order",1,1,"lower"
"25468","lower order",1,1,"lower"
"25470","lower order",1,1,"lower"
"25472","lower order",1,1,"lower"
"25484","apex",2,2,"apex"
"25488","lower order",1,1,"lower"
"25491","lower order",1,1,"lower"
"25493","lower order",1,1,"lower"
"25496","lower order",1,1,"lower"
"25497","lower order",1,1,"lower"
"25503","lower order",1,3,"apex"
"25503","apex",2,3,"apex"
"25513","lower order",1,1,"lower"
"25521","lower order",1,1,"lower"
"25531","lower order",1,1,"lower"
"25544","lower order",1,1,"lower"
"25550","lower order",1,1,"lower"
"25564","lower order",1,1,"lower"
"25889","lower order",1,1,"lower"
"25899","lower order",1,1,"lower"
"25906","lower order",1,1,"lower"
"25922","lower order",1,1,"lower"
"25924","lower order",1,1,"lower"
"25925","lower order",1,1,"lower"
"25926","lower order",1,1,"lower"
"25928","lower order",1,1,"lower"
"25929","lower order",1,1,"lower"
"25930","lower order",1,1,"lower"
"25931","lower order",1,1,"lower"
"25932","lower order",1,1,"lower"
"25933","lower order",1,1,"lower"
"25934","lower order",1,1,"lower"
"25937","lower order",1,1,"lower"
"25938","lower order",1,1,"lower"
"25941","lower order",1,1,"lower"
"25945","lower order",1,1,"lower"
"25946","lower order",1,1,"lower"
"25947","lower order",1,1,"lower"
"25948","lower order",1,1,"lower"
"25950","lower order",1,1,"lower"
"25952","lower order",1,1,"lower"
"25953","lower order",1,1,"lower"
"25956","lower order",1,1,"lower"
"25957","lower order",1,1,"lower"
"25959","lower order",1,1,"lower"
"25960","lower order",1,1,"lower"
"25961","lower order",1,1,"lower"
"25962","lower order",1,1,"lower"
"25963","lower order",1,1,"lower"
"25964","lower order",1,1,"lower"
"25966","lower order",1,1,"lower"
"25973","lower order",1,1,"lower"
"25975","lower order",1,1,"lower"
"25986","lower order",1,1,"lower"
"26002","lower order",1,1,"lower"
"26160","lower order",1,1,"lower"
"26161","lower order",1,1,"lower"
"26165","lower order",1,1,"lower"
"26167","lower order",1,1,"lower"
"26169","lower order",1,1,"lower"
"26179","lower order",1,1,"lower"
"26181","lower order",1,1,"lower"
"26183","lower order",1,1,"lower"
"26184","apex",2,2,"apex"
"26186","lower order",1,3,"apex"
"26186","apex",2,3,"apex"
"26187","apex",2,2,"apex"
"26189","lower order",1,1,"lower"
"26794","lower order",1,1,"lower"
"26806","lower order",1,1,"lower"
"26810","lower order",1,1,"lower"
"26818","lower order",1,1,"lower"
"26820","lower order",1,1,"lower"
"26890","lower order",1,1,"lower"
"26891","lower order",1,1,"lower"
"26892","lower order",1,1,"lower"
"26894","lower order",1,1,"lower"
"26895","lower order",1,1,"lower"
"26896","lower order",1,1,"lower"
"26897","lower order",1,1,"lower"
"26898","lower order",1,1,"lower"
"26899","lower order",1,1,"lower"
"26900","lower order",1,1,"lower"
"26901","lower order",1,1,"lower"
"26902","lower order",1,1,"lower"
"26903","lower order",1,1,"lower"
"26904","lower order",1,1,"lower"
"26905","lower order",1,1,"lower"
"26908","lower order",1,1,"lower"
"26909","lower order",1,1,"lower"
"26910","lower order",1,1,"lower"
"26911","lower order",1,1,"lower"
"26913","lower order",1,1,"lower"
"26914","lower order",1,1,"lower"
"26916","lower order",1,1,"lower"
"26917","lower order",1,1,"lower"
"26918","lower order",1,1,"lower"
"26920","lower order",1,1,"lower"
"26921","lower order",1,1,"lower"
"26922","lower order",1,1,"lower"
"26923","lower order",1,1,"lower"
"26926","lower order",1,1,"lower"
"26927","lower order",1,1,"lower"
"26928","lower order",1,1,"lower"
"26937","lower order",1,1,"lower"
"27017","lower order",1,1,"lower"
"27018","lower order",1,1,"lower"
"27019","lower order",1,1,"lower"
"27020","lower order",1,1,"lower"
"27022","lower order",1,1,"lower"
"27023","lower order",1,1,"lower"
"27024","lower order",1,1,"lower"
"27025","lower order",1,1,"lower"
"27026","lower order",1,1,"lower"
"27027","lower order",1,1,"lower"
"27028","lower order",1,1,"lower"
"27029","lower order",1,1,"lower"
"27030","lower order",1,1,"lower"
"27031","lower order",1,1,"lower"
"27032","lower order",1,1,"lower"
"27033","lower order",1,1,"lower"
"27034","lower order",1,1,"lower"
"27035","lower order",1,1,"lower"
"27036","lower order",1,1,"lower"
"27037","lower order",1,1,"lower"
"27038","lower order",1,1,"lower"
"27039","lower order",1,1,"lower"
"27040","lower order",1,1,"lower"
"27042","lower order",1,1,"lower"
"27043","lower order",1,1,"lower"
"27044","lower order",1,1,"lower"
"27045","lower order",1,1,"lower"
"27046","lower order",1,1,"lower"
"27051","lower order",1,1,"lower"
"27055","lower order",1,1,"lower"
"27056","lower order",1,1,"lower"
"27059","lower order",1,1,"lower"
"27061","lower order",1,1,"lower"
"27062","lower order",1,1,"lower"
"27063","lower order",1,1,"lower"
"27065","lower order",1,1,"lower"
"27066","lower order",1,1,"lower"
"27263","lower order",1,1,"lower"
"27264","lower order",1,1,"lower"
"27265","lower order",1,1,"lower"
"27268","lower order",1,1,"lower"
"27269","lower order",1,1,"lower"
"27271","lower order",1,1,"lower"
"27272","lower order",1,1,"lower"
"27273","lower order",1,1,"lower"
"27274","lower order",1,1,"lower"
"27275","lower order",1,1,"lower"
"27276","lower order",1,1,"lower"
"27278","lower order",1,1,"lower"
"27279","lower order",1,1,"lower"
"27280","lower order",1,1,"lower"
"27281","lower order",1,1,"lower"
"27283","lower order",1,1,"lower"
"27284","lower order",1,1,"lower"
"27285","lower order",1,1,"lower"
"27287","lower order",1,1,"lower"
"27288","lower order",1,1,"lower"
"27289","lower order",1,1,"lower"
"27293","lower order",1,1,"lower"
"27294","lower order",1,1,"lower"
"27295","lower order",1,1,"lower"
"27296","lower order",1,1,"lower"
"27297","lower order",1,1,"lower"
"27298","lower order",1,1,"lower"
"27299","lower order",1,1,"lower"
"27300","lower order",1,1,"lower"
"27301","lower order",1,1,"lower"
"27302","lower order",1,1,"lower"
"27303","lower order",1,1,"lower"
"27304","lower order",1,1,"lower"
"27305","lower order",1,1,"lower"
"27306","lower order",1,1,"lower"
"27856","lower order",1,1,"lower"
"27858","lower order",1,1,"lower"
"27860","lower order",1,1,"lower"
"27862","lower order",1,1,"lower"
"27863","lower order",1,1,"lower"
"27864","lower order",1,1,"lower"
"27866","apex",2,3,"apex"
"27866","lower order",1,3,"apex"
"27868","lower order",1,1,"lower"
"27869","lower order",1,1,"lower"
"27870","lower order",1,1,"lower"
"27872","lower order",1,1,"lower"
"27873","lower order",1,1,"lower"
"27874","lower order",1,1,"lower"
"27875","lower order",1,1,"lower"
"27876","lower order",1,1,"lower"
"27878","lower order",1,1,"lower"
"27879","lower order",1,1,"lower"
"27880","lower order",1,1,"lower"
"27882","lower order",1,1,"lower"
"27884","lower order",1,1,"lower"
"27885","lower order",1,1,"lower"
"27887","lower order",1,1,"lower"
"27888","lower order",1,1,"lower"
"27889","lower order",1,1,"lower"
"27890","lower order",1,1,"lower"
"27892","lower order",1,1,"lower"
"27893","lower order",1,1,"lower"
"27895","lower order",1,1,"lower"
"27915","lower order",1,1,"lower"
"27918","lower order",1,1,"lower"
"27919","lower order",1,1,"lower"
"27920","lower order",1,1,"lower"
"27921","lower order",1,1,"lower"
"27922","lower order",1,1,"lower"
"27923","lower order",1,1,"lower"
"27924","lower order",1,1,"lower"
"27926","lower order",1,1,"lower"
"27930","lower order",1,1,"lower"
"27933","lower order",1,1,"lower"
"27934","lower order",1,1,"lower"
"27935","lower order",1,1,"lower"
"27936","lower order",1,1,"lower"
"27938","lower order",1,1,"lower"
"27939","lower order",1,1,"lower"
"27940","lower order",1,1,"lower"
"27941","lower order",1,1,"lower"
"27942","lower order",1,1,"lower"
"27943","lower order",1,1,"lower"
"27946","lower order",1,1,"lower"
"27947","lower order",1,1,"lower"
"27949","lower order",1,1,"lower"
"27950","lower order",1,1,"lower"
"27951","lower order",1,1,"lower"
"27952","lower order",1,1,"lower"
"27955","lower order",1,1,"lower"
"27984","lower order",1,1,"lower"
"27985","lower order",1,1,"lower"
"27992","lower order",1,1,"lower"
"27993","lower order",1,1,"lower"
"28040","lower order",1,1,"lower"
"28043","lower order",1,1,"lower"
"28049","lower order",1,1,"lower"
"28060","apex",2,3,"apex"
"28060","lower order",1,3,"apex"
"28061","lower order",1,1,"lower"
"28063","lower order",1,1,"lower"
"28068","lower order",1,1,"lower"
"28071","lower order",1,1,"lower"
"28072","lower order",1,1,"lower"
"28079","lower order",1,1,"lower"
"28080","lower order",1,1,"lower"
"28087","lower order",1,1,"lower"
"28090","lower order",1,1,"lower"
"28092","lower order",1,1,"lower"
"28093","lower order",1,1,"lower"
"28094","lower order",1,1,"lower"
"28288","lower order",1,1,"lower"
"28290","lower order",1,1,"lower"
"28292","lower order",1,1,"lower"
"28301","lower order",1,1,"lower"
"28309","lower order",1,1,"lower"
"28311","lower order",1,1,"lower"
"28326","lower order",1,1,"lower"
"28331","lower order",1,1,"lower"
"28381","lower order",1,1,"lower"
"28387","lower order",1,1,"lower"
"28389","lower order",1,1,"lower"
"28390","lower order",1,1,"lower"
"28392","lower order",1,1,"lower"
"28397","lower order",1,1,"lower"
"28403","lower order",1,1,"lower"
"28411","lower order",1,1,"lower"
"28413","lower order",1,1,"lower"
"28414","lower order",1,1,"lower"
"28415","lower order",1,1,"lower"
"28421","lower order",1,1,"lower"
"28423","lower order",1,1,"lower"
"28559","lower order",1,1,"lower"
"28561","lower order",1,1,"lower"
"28562","lower order",1,1,"lower"
"28567","lower order",1,1,"lower"
"28571","lower order",1,1,"lower"
"28572","lower order",1,1,"lower"
"28573","lower order",1,1,"lower"
"28575","lower order",1,1,"lower"
"28582","lower order",1,1,"lower"
"28583","lower order",1,1,"lower"
"28584","lower order",1,1,"lower"
"28585","lower order",1,1,"lower"
"28591","lower order",1,1,"lower"
"28595","lower order",1,1,"lower"
"28596","lower order",1,1,"lower"
"28599","lower order",1,1,"lower"
"28601","lower order",1,1,"lower"
"28602","lower order",1,1,"lower"
"28603","lower order",1,1,"lower"
"28655","lower order",1,1,"lower"
"28659","lower order",1,1,"lower"
"28662","lower order",1,1,"lower"
"28680","lower order",1,1,"lower"
"28684","lower order",1,1,"lower"
"28686","lower order",1,1,"lower"
"28741","lower order",1,1,"lower"
"28794","lower order",1,1,"lower"
"28802","lower order",1,1,"lower"
"28803","lower order",1,1,"lower"
"28806","lower order",1,1,"lower"
"28809","lower order",1,1,"lower"
"28813","lower order",1,1,"lower"
"28816","lower order",1,1,"lower"
"28821","lower order",1,1,"lower"
"28822","lower order",1,1,"lower"
"28825","lower order",1,1,"lower"
"28826","lower order",1,1,"lower"
"28833","lower order",1,1,"lower"
"28839","lower order",1,1,"lower"
"29303","lower order",1,1,"lower"
"28845","lower order",1,1,"lower"
"28848","lower order",1,1,"lower"
"28849","lower order",1,1,"lower"
"28859","lower order",1,1,"lower"
"28860","lower order",1,1,"lower"
"28861","lower order",1,1,"lower"
"28866","lower order",1,1,"lower"
"28871","lower order",1,1,"lower"
"28873","lower order",1,1,"lower"
"28884","lower order",1,1,"lower"
"28887","lower order",1,1,"lower"
"28889","lower order",1,1,"lower"
"28907","lower order",1,1,"lower"
"28909","lower order",1,1,"lower"
"28912","lower order",1,1,"lower"
"28929","lower order",1,1,"lower"
"28930","lower order",1,1,"lower"
"28933","lower order",1,1,"lower"
"28934","lower order",1,1,"lower"
"28935","lower order",1,1,"lower"
"28950","lower order",1,1,"lower"
"29018","lower order",1,1,"lower"
"29044","lower order",1,1,"lower"
"29056","lower order",1,1,"lower"
"29073","lower order",1,1,"lower"
"29092","lower order",1,1,"lower"
"29114","lower order",1,1,"lower"
"29115","lower order",1,1,"lower"
"29121","lower order",1,1,"lower"
"29122","lower order",1,3,"apex"
"29122","apex",2,3,"apex"
"29132","lower order",1,1,"lower"
"29167","apex",2,2,"apex"
"29175","apex",2,2,"apex"
"29178","apex",2,2,"apex"
"29179","apex",2,2,"apex"
"29180","apex",2,2,"apex"
"29181","apex",2,2,"apex"
"29183","apex",2,2,"apex"
"29184","apex",2,2,"apex"
"29185","apex",2,2,"apex"
"29186","apex",2,2,"apex"
"29199","apex",2,2,"apex"
"29200","apex",2,2,"apex"
"29202","apex",2,2,"apex"
"29204","lower order",1,1,"lower"
"29252","lower order",1,1,"lower"
"29293","lower order",1,1,"lower"
"29294","lower order",1,1,"lower"
"29295","lower order",1,1,"lower"
"29296","lower order",1,1,"lower"
"29297","lower order",1,1,"lower"
"29298","lower order",1,1,"lower"
"29299","lower order",1,1,"lower"
"29300","lower order",1,1,"lower"
"29301","lower order",1,1,"lower"
"29302","lower order",1,1,"lower"
"29304","lower order",1,1,"lower"
"29305","lower order",1,1,"lower"
"29306","lower order",1,1,"lower"
"29307","lower order",1,1,"lower"
"29308","lower order",1,1,"lower"
"29309","lower order",1,1,"lower"
"29310","lower order",1,1,"lower"
"29311","lower order",1,1,"lower"
"29312","lower order",1,1,"lower"
"29313","lower order",1,1,"lower"
"29314","lower order",1,1,"lower"
"29315","lower order",1,1,"lower"
"29316","lower order",1,1,"lower"
"29317","lower order",1,1,"lower"
"29318","lower order",1,1,"lower"
"29319","lower order",1,1,"lower"
"29320","lower order",1,1,"lower"
"29321","lower order",1,1,"lower"
"29322","lower order",1,1,"lower"
"29323","lower order",1,1,"lower"
"29324","lower order",1,1,"lower"
"29325","lower order",1,1,"lower"
"29326","lower order",1,1,"lower"
"29327","lower order",1,1,"lower"
"29328","lower order",1,1,"lower"
"29329","lower order",1,1,"lower"
"29330","lower order",1,1,"lower"
"29331","lower order",1,1,"lower"
"29332","lower order",1,1,"lower"
"29333","lower order",1,1,"lower"
"29334","lower order",1,1,"lower"
"29335","lower order",1,1,"lower"
"29336","lower order",1,1,"lower"
"29337","lower order",1,1,"lower"
"29338","lower order",1,1,"lower"
"29339","lower order",1,1,"lower"
"29340","lower order",1,1,"lower"
"29341","lower order",1,1,"lower"
"29342","lower order",1,1,"lower"
"29343","lower order",1,1,"lower"
"29344","lower order",1,1,"lower"
"29345","lower order",1,1,"lower"
"29346","lower order",1,1,"lower"
"29347","lower order",1,1,"lower"
"29348","lower order",1,1,"lower"
"29349","lower order",1,1,"lower"
"29350","lower order",1,1,"lower"
"29351","lower order",1,1,"lower"
"29352","lower order",1,1,"lower"
"29353","lower order",1,1,"lower"
"29354","lower order",1,1,"lower"
"29355","lower order",1,1,"lower"
"29356","lower order",1,1,"lower"
"29357","lower order",1,1,"lower"
"29358","lower order",1,1,"lower"
"29359","lower order",1,1,"lower"
"29360","lower order",1,1,"lower"
"29362","lower order",1,1,"lower"
"29364","lower order",1,1,"lower"
"29365","lower order",1,1,"lower"
"29366","lower order",1,1,"lower"
"29367","lower order",1,1,"lower"
"29368","lower order",1,1,"lower"
"29369","lower order",1,1,"lower"
"29370","lower order",1,1,"lower"
"29371","lower order",1,1,"lower"
"29372","lower order",1,1,"lower"
"29373","lower order",1,1,"lower"
"29374","lower order",1,1,"lower"
"29375","lower order",1,1,"lower"
"29376","lower order",1,1,"lower"
"29377","lower order",1,1,"lower"
"29378","lower order",1,1,"lower"
"29379","lower order",1,1,"lower"
"29380","lower order",1,1,"lower"
"29381","lower order",1,1,"lower"
"29382","lower order",1,1,"lower"
"29383","lower order",1,1,"lower"
"29384","lower order",1,1,"lower"
"29385","lower order",1,1,"lower"
"29386","lower order",1,1,"lower"
"29387","lower order",1,1,"lower"
"29388","lower order",1,1,"lower"
"29389","lower order",1,1,"lower"
"29390","lower order",1,1,"lower"
"29391","lower order",1,1,"lower"
"29392","lower order",1,1,"lower"
"29393","lower order",1,1,"lower"
"29394","lower order",1,1,"lower"
"29395","lower order",1,1,"lower"
"29396","lower order",1,1,"lower"
"29397","lower order",1,1,"lower"
"29398","lower order",1,1,"lower"
"29400","lower order",1,1,"lower"
"29401","lower order",1,1,"lower"
"29403","lower order",1,1,"lower"
"29405","lower order",1,1,"lower"
"29438","lower order",1,1,"lower"
"29439","lower order",1,1,"lower"
"29440","lower order",1,1,"lower"
"29441","lower order",1,1,"lower"
"29442","lower order",1,1,"lower"
"29443","lower order",1,1,"lower"
"29444","lower order",1,1,"lower"
"29445","lower order",1,1,"lower"
"29446","lower order",1,1,"lower"
"29447","lower order",1,1,"lower"
"29448","lower order",1,1,"lower"
"29449","lower order",1,1,"lower"
"29450","lower order",1,1,"lower"
"29451","lower order",1,1,"lower"
"29452","lower order",1,1,"lower"
"29453","lower order",1,1,"lower"
"29454","lower order",1,1,"lower"
"29455","lower order",1,1,"lower"
"29456","lower order",1,1,"lower"
"29459","lower order",1,1,"lower"
"29460","lower order",1,1,"lower"
"29462","lower order",1,1,"lower"
"29463","lower order",1,1,"lower"
"29464","lower order",1,1,"lower"
"29465","lower order",1,1,"lower"
"29466","lower order",1,3,"apex"
"29466","apex",2,3,"apex"
"29467","lower order",1,1,"lower"
"29468","lower order",1,1,"lower"
"29469","lower order",1,1,"lower"
"29521","lower order",1,1,"lower"
"29522","lower order",1,3,"apex"
"29522","apex",2,3,"apex"
"29523","lower order",1,1,"lower"
"29524","lower order",1,1,"lower"
"29525","lower order",1,1,"lower"
"29526","lower order",1,1,"lower"
"29527","lower order",1,1,"lower"
"29528","lower order",1,1,"lower"
"29529","lower order",1,1,"lower"
"29530","lower order",1,1,"lower"
"29531","lower order",1,1,"lower"
"29532","lower order",1,1,"lower"
"29533","lower order",1,1,"lower"
"29534","lower order",1,1,"lower"
"29535","lower order",1,1,"lower"
"29536","lower order",1,1,"lower"
"29537","lower order",1,1,"lower"
"29538","lower order",1,1,"lower"
"29539","lower order",1,1,"lower"
"29540","lower order",1,1,"lower"
"29541","lower order",1,3,"apex"
"29541","apex",2,3,"apex"
"29542","lower order",1,1,"lower"
"29543","lower order",1,1,"lower"
"29544","lower order",1,1,"lower"
"29545","lower order",1,1,"lower"
"29546","lower order",1,1,"lower"
"29547","lower order",1,1,"lower"
"29548","lower order",1,1,"lower"
"29549","lower order",1,1,"lower"
"29550","lower order",1,3,"apex"
"29550","apex",2,3,"apex"
"29551","lower order",1,1,"lower"
"29552","lower order",1,1,"lower"
"29553","lower order",1,1,"lower"
"29554","lower order",1,1,"lower"
"29555","lower order",1,1,"lower"
"29557","lower order",1,1,"lower"
"29558","lower order",1,1,"lower"
"29559","lower order",1,1,"lower"
"29560","lower order",1,1,"lower"
"29561","lower order",1,1,"lower"
"29562","lower order",1,1,"lower"
"29563","lower order",1,1,"lower"
"29564","lower order",1,1,"lower"
"29565","lower order",1,1,"lower"
"29566","lower order",1,1,"lower"
"29567","lower order",1,1,"lower"
"29568","lower order",1,1,"lower"
"29569","lower order",1,1,"lower"
"29832","lower order",1,1,"lower"
"30531","lower order",1,1,"lower"
"30532","lower order",1,1,"lower"
"30535","apex",2,2,"apex"
"30536","apex",2,2,"apex"
"30538","lower order",1,3,"apex"
"30538","apex",2,3,"apex"
"30539","lower order",1,1,"lower"
"30540","lower order",1,1,"lower"
"30541","lower order",1,1,"lower"
"30542","lower order",1,1,"lower"
"30544","lower order",1,1,"lower"
"30548","lower order",1,1,"lower"
"30551","lower order",1,1,"lower"
"30553","lower order",1,1,"lower"
"30555","lower order",1,1,"lower"
"30561","lower order",1,1,"lower"
"30564","lower order",1,1,"lower"
"30565","lower order",1,1,"lower"
"30571","lower order",1,1,"lower"
"30572","lower order",1,1,"lower"
"30577","apex",2,3,"apex"
"30577","lower order",1,3,"apex"
"30586","lower order",1,1,"lower"
"30588","lower order",1,1,"lower"
"30589","lower order",1,1,"lower"
"30590","lower order",1,1,"lower"
"30592","lower order",1,1,"lower"
"30593","lower order",1,1,"lower"
"30594","lower order",1,1,"lower"
"30595","apex",2,2,"apex"
"30596","lower order",1,1,"lower"
"30597","lower order",1,1,"lower"
"30598","lower order",1,1,"lower"
"30599","lower order",1,1,"lower"
"30600","lower order",1,3,"apex"
"30600","apex",2,3,"apex"
"30601","lower order",1,1,"lower"
"30602","lower order",1,1,"lower"
"30605","lower order",1,1,"lower"
"30607","lower order",1,1,"lower"
"30608","lower order",1,1,"lower"
"30609","lower order",1,1,"lower"
"30610","lower order",1,1,"lower"
"30614","lower order",1,1,"lower"
"30615","lower order",1,1,"lower"
"30616","lower order",1,1,"lower"
"30618","apex",2,2,"apex"
"30619","lower order",1,1,"lower"
"30620","lower order",1,1,"lower"
"30621","apex",2,2,"apex"
"30622","lower order",1,1,"lower"
"30631","lower order",1,1,"lower"
"31495","apex",2,2,"apex"
"31499","lower order",1,1,"lower"
"31502","lower order",1,1,"lower"
"31510","lower order",1,1,"lower"
"31513","lower order",1,1,"lower"
"31514","lower order",1,1,"lower"
"31517","lower order",1,1,"lower"
"31521","lower order",1,1,"lower"
"31522","lower order",1,1,"lower"
"31526","lower order",1,1,"lower"
"31529","lower order",1,1,"lower"
"31530","lower order",1,1,"lower"
"31531","lower order",1,1,"lower"
"31532","lower order",1,1,"lower"
"31533","lower order",1,1,"lower"
"31544","lower order",1,1,"lower"
"31600","lower order",1,1,"lower"
"31604","lower order",1,1,"lower"
"31626","lower order",1,1,"lower"
"31631","lower order",1,1,"lower"
"31727","lower order",1,1,"lower"
"31741","lower order",1,1,"lower"
"31753","lower order",1,1,"lower"
"31762","lower order",1,1,"lower"
"31767","lower order",1,1,"lower"
"31773","lower order",1,1,"lower"
"32028","lower order",1,1,"lower"
"32038","lower order",1,1,"lower"
"32052","lower order",1,1,"lower"
"32054","lower order",1,1,"lower"
"32059","lower order",1,1,"lower"
"32063","lower order",1,1,"lower"
"32481","lower order",1,1,"lower"
"32513","lower order",1,1,"lower"
"32543","lower order",1,1,"lower"
"32552","lower order",1,1,"lower"
"32740","lower order",1,1,"lower"
"32808","lower order",1,1,"lower"
"32815","lower order",1,1,"lower"
"32819","lower order",1,1,"lower"
"32821","lower order",1,1,"lower"
"32822","lower order",1,1,"lower"
"32931","lower order",1,1,"lower"
"32946","lower order",1,3,"apex"
"32946","apex",2,3,"apex"
"32949","apex",2,2,"apex"
"32950","lower order",1,1,"lower"
"33001","apex",2,2,"apex"
"33017","lower order",1,1,"lower"
"33029","lower order",1,1,"lower"
"33075","lower order",1,1,"lower"
"33100","lower order",1,1,"lower"
"33101","lower order",1,1,"lower"
"33103","lower order",1,1,"lower"
"33108","lower order",1,1,"lower"
"33114","lower order",1,1,"lower"
"33129","lower order",1,1,"lower"
"33136","lower order",1,1,"lower"
"33137","lower order",1,1,"lower"
"33138","lower order",1,1,"lower"
"33139","lower order",1,1,"lower"
"33140","lower order",1,1,"lower"
"33141","lower order",1,1,"lower"
"33144","lower order",1,1,"lower"
"33149","lower order",1,1,"lower"
"33151","lower order",1,1,"lower"
"33153","lower order",1,1,"lower"
"33154","lower order",1,1,"lower"
"33162","lower order",1,1,"lower"
"33164","lower order",1,1,"lower"
"33168","lower order",1,1,"lower"
"33169","lower order",1,1,"lower"
"33172","lower order",1,1,"lower"
"33176","lower order",1,1,"lower"
"33177","lower order",1,1,"lower"
"33179","lower order",1,1,"lower"
"33180","lower order",1,1,"lower"
"33181","lower order",1,1,"lower"
"33182","lower order",1,1,"lower"
"33183","lower order",1,1,"lower"
"33184","lower order",1,1,"lower"
"33187","lower order",1,1,"lower"
"33188","lower order",1,1,"lower"
"33189","lower order",1,1,"lower"
"33191","lower order",1,1,"lower"
"33192","lower order",1,1,"lower"
"33194","lower order",1,1,"lower"
"33206","lower order",1,1,"lower"
"33216","lower order",1,1,"lower"
"33237","lower order",1,1,"lower"
"33240","lower order",1,1,"lower"
"33247","lower order",1,1,"lower"
"33248","lower order",1,1,"lower"
"33250","lower order",1,1,"lower"
"33251","lower order",1,1,"lower"
"33259","lower order",1,1,"lower"
"33266","lower order",1,1,"lower"
"33273","lower order",1,1,"lower"
"33275","lower order",1,1,"lower"
"33276","lower order",1,1,"lower"
"33277","lower order",1,1,"lower"
"33759","lower order",1,1,"lower"
"33760","lower order",1,1,"lower"
"33838","lower order",1,1,"lower"
"33974","lower order",1,1,"lower"
"34270","lower order",1,1,"lower"
"34273","lower order",1,1,"lower"
"34276","lower order",1,1,"lower"
"34277","lower order",1,1,"lower"
"34279","lower order",1,1,"lower"
"34954","lower order",1,1,"lower"
"34956","lower order",1,1,"lower"
"34969","lower order",1,1,"lower"
"34989","apex",2,2,"apex"
"35297","lower order",1,1,"lower"
"35303","lower order",1,1,"lower"
"35437","lower order",1,1,"lower"
"35442","lower order",1,1,"lower"
"35443","lower order",1,1,"lower"
"35444","lower order",1,1,"lower"
"35451","lower order",1,1,"lower"
"35452","lower order",1,1,"lower"
"35455","lower order",1,1,"lower"
"35464","lower order",1,1,"lower"
"35466","lower order",1,1,"lower"
"35487","lower order",1,1,"lower"
"35489","lower order",1,1,"lower"
"35490","lower order",1,1,"lower"
"35491","lower order",1,1,"lower"
"35494","lower order",1,1,"lower"
"35495","lower order",1,1,"lower"
"35501","lower order",1,1,"lower"
"35820","lower order",1,1,"lower"
"35821","lower order",1,1,"lower"
"35822","lower order",1,1,"lower"
"35823","lower order",1,1,"lower"
"35824","lower order",1,1,"lower"
"35825","lower order",1,1,"lower"
"35826","lower order",1,1,"lower"
"35827","lower order",1,1,"lower"
"35828","lower order",1,1,"lower"
"35829","lower order",1,1,"lower"
"35830","lower order",1,1,"lower"
"35831","lower order",1,1,"lower"
"35832","lower order",1,1,"lower"
"35833","lower order",1,1,"lower"
"35834","lower order",1,1,"lower"
"35835","lower order",1,1,"lower"
"35836","lower order",1,1,"lower"
"35837","lower order",1,1,"lower"
"35838","lower order",1,1,"lower"
"35839","lower order",1,1,"lower"
"35840","lower order",1,1,"lower"
"35841","lower order",1,1,"lower"
"35842","lower order",1,1,"lower"
"35843","lower order",1,1,"lower"
"35844","lower order",1,1,"lower"
"35845","lower order",1,1,"lower"
"35846","lower order",1,1,"lower"
"35847","lower order",1,1,"lower"
"35848","lower order",1,1,"lower"
"35849","lower order",1,1,"lower"
"35850","lower order",1,1,"lower"
"35851","lower order",1,1,"lower"
"35852","lower order",1,1,"lower"
"35853","lower order",1,1,"lower"
"35854","lower order",1,1,"lower"
"35855","lower order",1,1,"lower"
"35856","lower order",1,1,"lower"
"35857","lower order",1,1,"lower"
"35858","lower order",1,1,"lower"
"35859","lower order",1,1,"lower"
"35860","lower order",1,1,"lower"
"35861","lower order",1,1,"lower"
"35862","lower order",1,1,"lower"
"35863","lower order",1,1,"lower"
"35865","lower order",1,1,"lower"
"35866","lower order",1,1,"lower"
"35867","lower order",1,1,"lower"
"35868","lower order",1,1,"lower"
"35869","lower order",1,1,"lower"
"35870","lower order",1,1,"lower"
"35871","lower order",1,1,"lower"
"35872","lower order",1,1,"lower"
"35884","lower order",1,1,"lower"
"35885","lower order",1,1,"lower"
"35886","lower order",1,1,"lower"
"35887","lower order",1,1,"lower"
"35888","lower order",1,1,"lower"
"35889","lower order",1,1,"lower"
"35890","lower order",1,1,"lower"
"35891","lower order",1,1,"lower"
"35892","lower order",1,1,"lower"
"35893","lower order",1,1,"lower"
"35894","lower order",1,1,"lower"
"35895","lower order",1,1,"lower"
"35896","lower order",1,1,"lower"
"35897","lower order",1,1,"lower"
"35898","lower order",1,1,"lower"
"35899","lower order",1,1,"lower"
"35900","lower order",1,1,"lower"
"35901","lower order",1,1,"lower"
"35902","lower order",1,1,"lower"
"35903","lower order",1,1,"lower"
"35904","lower order",1,1,"lower"
"35905","lower order",1,1,"lower"
"35906","lower order",1,1,"lower"
"35907","lower order",1,1,"lower"
"35908","lower order",1,1,"lower"
"35909","lower order",1,1,"lower"
"35911","lower order",1,1,"lower"
"35912","lower order",1,1,"lower"
"35913","lower order",1,1,"lower"
"35924","lower order",1,1,"lower"
"35925","lower order",1,1,"lower"
"35926","lower order",1,1,"lower"
"35927","lower order",1,1,"lower"
"35928","lower order",1,1,"lower"
"35929","lower order",1,1,"lower"
